Id,FirstName,Staff_LastName,Staff_ContactNo,Adress
1,Rohit,Jindamwar,9146198909,nanded
2,Suraj,Adsule,8080228726,pune
3,Rohit,Jindamwar,7014258543,nanded
4,Suraj,Adsule,5948288360,pune
5,Rohit,Jindamwar,4882318177,nanded
6,Suraj,Adsule,3816347994,pune
7,Rohit,Jindamwar,2750377811,nanded
8,Suraj,Adsule,1684407628,pune
9,Rohit,Jindamwar,8080228726,nanded
10,Suraj,Adsule,7014258543,pune
11,Rohit,Jindamwar,5948288360,nanded
12,Suraj,Adsule,4882318177,pune
13,Rohit,Jindamwar,3816347994,nanded
14,Suraj,Adsule,2750377811,pune
15,Rohit,Jindamwar,9146198909,nanded
16,Suraj,Adsule,8080228726,pune
17,Rohit,Jindamwar,7014258543,nanded
18,Suraj,Adsule,5948288360,pune
19,Rohit,Jindamwar,4882318177,nanded
20,Suraj,Adsule,3816347994,pune
21,Rohit,Jindamwar,2750377811,nanded
22,Suraj,Adsule,1684407628,pune
23,Rohit,Jindamwar,8080228726,nanded
24,Suraj,Adsule,7014258543,pune
25,Rohit,Jindamwar,5948288360,nanded
26,Suraj,Adsule,4882318177,pune
27,Rohit,Jindamwar,3816347994,nanded
28,Suraj,Adsule,2750377811,pune
29,Rohit,Jindamwar,9146198909,nanded
30,Suraj,Adsule,8080228726,pune
31,Rohit,Jindamwar,7014258543,nanded
32,Suraj,Adsule,5948288360,pune
33,Rohit,Jindamwar,4882318177,nanded
34,Suraj,Adsule,3816347994,pune
35,Rohit,Jindamwar,2750377811,nanded
36,Suraj,Adsule,1684407628,pune
37,Rohit,Jindamwar,8080228726,nanded
38,Suraj,Adsule,7014258543,pune
39,Rohit,Jindamwar,5948288360,nanded
40,Suraj,Adsule,4882318177,pune
41,Rohit,Jindamwar,3816347994,nanded
42,Suraj,Adsule,2750377811,pune
43,Rohit,Jindamwar,9146198909,nanded
44,Suraj,Adsule,8080228726,pune
45,Rohit,Jindamwar,7014258543,nanded
46,Suraj,Adsule,5948288360,pune
47,Rohit,Jindamwar,4882318177,nanded
48,Suraj,Adsule,3816347994,pune
49,Rohit,Jindamwar,2750377811,nanded
50,Suraj,Adsule,1684407628,pune
51,Rohit,Jindamwar,8080228726,nanded
52,Suraj,Adsule,7014258543,pune
53,Rohit,Jindamwar,5948288360,nanded
54,Suraj,Adsule,4882318177,pune
55,Rohit,Jindamwar,3816347994,nanded
56,Suraj,Adsule,2750377811,pune
57,Rohit,Jindamwar,9146198909,nanded
58,Suraj,Adsule,8080228726,pune
59,Rohit,Jindamwar,7014258543,nanded
60,Suraj,Adsule,5948288360,pune
61,Rohit,Jindamwar,4882318177,nanded
62,Suraj,Adsule,3816347994,pune
63,Rohit,Jindamwar,2750377811,nanded
64,Suraj,Adsule,1684407628,pune
65,Rohit,Jindamwar,8080228726,nanded
66,Suraj,Adsule,7014258543,pune
67,Rohit,Jindamwar,5948288360,nanded
68,Suraj,Adsule,4882318177,pune
69,Rohit,Jindamwar,3816347994,nanded
70,Suraj,Adsule,2750377811,pune
71,Rohit,Jindamwar,9146198909,nanded
72,Suraj,Adsule,8080228726,pune
73,Rohit,Jindamwar,7014258543,nanded
74,Suraj,Adsule,5948288360,pune
75,Rohit,Jindamwar,4882318177,nanded
76,Suraj,Adsule,3816347994,pune
77,Rohit,Jindamwar,2750377811,nanded
78,Suraj,Adsule,1684407628,pune
79,Rohit,Jindamwar,8080228726,nanded
80,Suraj,Adsule,7014258543,pune
81,Rohit,Jindamwar,5948288360,nanded
82,Suraj,Adsule,4882318177,pune
83,Rohit,Jindamwar,3816347994,nanded
84,Suraj,Adsule,2750377811,pune
85,Rohit,Jindamwar,9146198909,nanded
86,Suraj,Adsule,8080228726,pune
87,Rohit,Jindamwar,7014258543,nanded
88,Suraj,Adsule,5948288360,pune
89,Rohit,Jindamwar,4882318177,nanded
90,Suraj,Adsule,3816347994,pune
91,Rohit,Jindamwar,2750377811,nanded
92,Suraj,Adsule,1684407628,pune
93,Rohit,Jindamwar,8080228726,nanded
94,Suraj,Adsule,7014258543,pune
95,Rohit,Jindamwar,5948288360,nanded
96,Suraj,Adsule,4882318177,pune
97,Rohit,Jindamwar,3816347994,nanded
98,Suraj,Adsule,2750377811,pune
99,Rohit,Jindamwar,9146198909,nanded
100,Suraj,Adsule,8080228726,pune
101,Rohit,Jindamwar,7014258543,nanded
102,Suraj,Adsule,5948288360,pune
103,Rohit,Jindamwar,4882318177,nanded
104,Suraj,Adsule,3816347994,pune
105,Rohit,Jindamwar,2750377811,nanded
106,Suraj,Adsule,1684407628,pune
107,Rohit,Jindamwar,8080228726,nanded
108,Suraj,Adsule,7014258543,pune
109,Rohit,Jindamwar,5948288360,nanded
110,Suraj,Adsule,4882318177,pune
111,Rohit,Jindamwar,3816347994,nanded
112,Suraj,Adsule,2750377811,pune
113,Rohit,Jindamwar,9146198909,nanded
114,Suraj,Adsule,8080228726,pune
115,Rohit,Jindamwar,7014258543,nanded
116,Suraj,Adsule,5948288360,pune
117,Rohit,Jindamwar,4882318177,nanded
118,Suraj,Adsule,3816347994,pune
119,Rohit,Jindamwar,2750377811,nanded
120,Suraj,Adsule,1684407628,pune
121,Rohit,Jindamwar,8080228726,nanded
122,Suraj,Adsule,7014258543,pune
123,Rohit,Jindamwar,5948288360,nanded
124,Suraj,Adsule,4882318177,pune
125,Rohit,Jindamwar,3816347994,nanded
126,Suraj,Adsule,2750377811,pune
127,Rohit,Jindamwar,9146198909,nanded
128,Suraj,Adsule,8080228726,pune
129,Rohit,Jindamwar,7014258543,nanded
130,Suraj,Adsule,5948288360,pune
131,Rohit,Jindamwar,4882318177,nanded
132,Suraj,Adsule,3816347994,pune
133,Rohit,Jindamwar,2750377811,nanded
134,Suraj,Adsule,1684407628,pune
135,Rohit,Jindamwar,8080228726,nanded
136,Suraj,Adsule,7014258543,pune
137,Rohit,Jindamwar,5948288360,nanded
138,Suraj,Adsule,4882318177,pune
139,Rohit,Jindamwar,3816347994,nanded
140,Suraj,Adsule,2750377811,pune
141,Rohit,Jindamwar,9146198909,nanded
142,Suraj,Adsule,8080228726,pune
143,Rohit,Jindamwar,7014258543,nanded
144,Suraj,Adsule,5948288360,pune
145,Rohit,Jindamwar,4882318177,nanded
146,Suraj,Adsule,3816347994,pune
147,Rohit,Jindamwar,2750377811,nanded
148,Suraj,Adsule,1684407628,pune
149,Rohit,Jindamwar,8080228726,nanded
150,Suraj,Adsule,7014258543,pune
151,Rohit,Jindamwar,5948288360,nanded
152,Suraj,Adsule,4882318177,pune
153,Rohit,Jindamwar,3816347994,nanded
154,Suraj,Adsule,2750377811,pune
155,Rohit,Jindamwar,9146198909,nanded
156,Suraj,Adsule,8080228726,pune
157,Rohit,Jindamwar,7014258543,nanded
158,Suraj,Adsule,5948288360,pune
159,Rohit,Jindamwar,4882318177,nanded
160,Suraj,Adsule,3816347994,pune
161,Rohit,Jindamwar,2750377811,nanded
162,Suraj,Adsule,1684407628,pune
163,Rohit,Jindamwar,8080228726,nanded
164,Suraj,Adsule,7014258543,pune
165,Rohit,Jindamwar,5948288360,nanded
166,Suraj,Adsule,4882318177,pune
167,Rohit,Jindamwar,3816347994,nanded
168,Suraj,Adsule,2750377811,pune
169,Rohit,Jindamwar,9146198909,nanded
170,Suraj,Adsule,8080228726,pune
171,Rohit,Jindamwar,7014258543,nanded
172,Suraj,Adsule,5948288360,pune
173,Rohit,Jindamwar,4882318177,nanded
174,Suraj,Adsule,3816347994,pune
175,Rohit,Jindamwar,2750377811,nanded
176,Suraj,Adsule,1684407628,pune
177,Rohit,Jindamwar,8080228726,nanded
178,Suraj,Adsule,7014258543,pune
179,Rohit,Jindamwar,5948288360,nanded
180,Suraj,Adsule,4882318177,pune
181,Rohit,Jindamwar,3816347994,nanded
182,Suraj,Adsule,2750377811,pune
183,Rohit,Jindamwar,9146198909,nanded
184,Suraj,Adsule,8080228726,pune
185,Rohit,Jindamwar,7014258543,nanded
186,Suraj,Adsule,5948288360,pune
187,Rohit,Jindamwar,4882318177,nanded
188,Suraj,Adsule,3816347994,pune
189,Rohit,Jindamwar,2750377811,nanded
190,Suraj,Adsule,1684407628,pune
191,Rohit,Jindamwar,8080228726,nanded
192,Suraj,Adsule,7014258543,pune
193,Rohit,Jindamwar,5948288360,nanded
194,Suraj,Adsule,4882318177,pune
195,Rohit,Jindamwar,3816347994,nanded
196,Suraj,Adsule,2750377811,pune
197,Rohit,Jindamwar,9146198909,nanded
198,Suraj,Adsule,8080228726,pune
199,Rohit,Jindamwar,7014258543,nanded
200,Suraj,Adsule,5948288360,pune
201,Rohit,Jindamwar,4882318177,nanded
202,Suraj,Adsule,3816347994,pune
203,Rohit,Jindamwar,2750377811,nanded
204,Suraj,Adsule,1684407628,pune
205,Rohit,Jindamwar,8080228726,nanded
206,Suraj,Adsule,7014258543,pune
207,Rohit,Jindamwar,5948288360,nanded
208,Suraj,Adsule,4882318177,pune
209,Rohit,Jindamwar,3816347994,nanded
210,Suraj,Adsule,2750377811,pune
211,Rohit,Jindamwar,9146198909,nanded
212,Suraj,Adsule,8080228726,pune
213,Rohit,Jindamwar,7014258543,nanded
214,Suraj,Adsule,5948288360,pune
215,Rohit,Jindamwar,4882318177,nanded
216,Suraj,Adsule,3816347994,pune
217,Rohit,Jindamwar,2750377811,nanded
218,Suraj,Adsule,1684407628,pune
219,Rohit,Jindamwar,8080228726,nanded
220,Suraj,Adsule,7014258543,pune
221,Rohit,Jindamwar,5948288360,nanded
222,Suraj,Adsule,4882318177,pune
223,Rohit,Jindamwar,3816347994,nanded
224,Suraj,Adsule,2750377811,pune
225,Rohit,Jindamwar,9146198909,nanded
226,Suraj,Adsule,8080228726,pune
227,Rohit,Jindamwar,7014258543,nanded
228,Suraj,Adsule,5948288360,pune
229,Rohit,Jindamwar,4882318177,nanded
230,Suraj,Adsule,3816347994,pune
231,Rohit,Jindamwar,2750377811,nanded
232,Suraj,Adsule,1684407628,pune
233,Rohit,Jindamwar,8080228726,nanded
234,Suraj,Adsule,7014258543,pune
235,Rohit,Jindamwar,5948288360,nanded
236,Suraj,Adsule,4882318177,pune
237,Rohit,Jindamwar,3816347994,nanded
238,Suraj,Adsule,2750377811,pune
239,Rohit,Jindamwar,9146198909,nanded
240,Suraj,Adsule,8080228726,pune
241,Rohit,Jindamwar,7014258543,nanded
242,Suraj,Adsule,5948288360,pune
243,Rohit,Jindamwar,4882318177,nanded
244,Suraj,Adsule,3816347994,pune
245,Rohit,Jindamwar,2750377811,nanded
246,Suraj,Adsule,1684407628,pune
247,Rohit,Jindamwar,8080228726,nanded
248,Suraj,Adsule,7014258543,pune
249,Rohit,Jindamwar,5948288360,nanded
250,Suraj,Adsule,4882318177,pune
251,Rohit,Jindamwar,3816347994,nanded
252,Suraj,Adsule,2750377811,pune
253,Rohit,Jindamwar,9146198909,nanded
254,Suraj,Adsule,8080228726,pune
255,Rohit,Jindamwar,7014258543,nanded
256,Suraj,Adsule,5948288360,pune
257,Rohit,Jindamwar,4882318177,nanded
258,Suraj,Adsule,3816347994,pune
259,Rohit,Jindamwar,2750377811,nanded
260,Suraj,Adsule,1684407628,pune
261,Rohit,Jindamwar,8080228726,nanded
262,Suraj,Adsule,7014258543,pune
263,Rohit,Jindamwar,5948288360,nanded
264,Suraj,Adsule,4882318177,pune
265,Rohit,Jindamwar,3816347994,nanded
266,Suraj,Adsule,2750377811,pune
267,Rohit,Jindamwar,9146198909,nanded
268,Suraj,Adsule,8080228726,pune
269,Rohit,Jindamwar,7014258543,nanded
270,Suraj,Adsule,5948288360,pune
271,Rohit,Jindamwar,4882318177,nanded
272,Suraj,Adsule,3816347994,pune
273,Rohit,Jindamwar,2750377811,nanded
274,Suraj,Adsule,1684407628,pune
275,Rohit,Jindamwar,8080228726,nanded
276,Suraj,Adsule,7014258543,pune
277,Rohit,Jindamwar,5948288360,nanded
278,Suraj,Adsule,4882318177,pune
279,Rohit,Jindamwar,3816347994,nanded
280,Suraj,Adsule,2750377811,pune
281,Rohit,Jindamwar,9146198909,nanded
282,Suraj,Adsule,8080228726,pune
283,Rohit,Jindamwar,7014258543,nanded
284,Suraj,Adsule,5948288360,pune
285,Rohit,Jindamwar,4882318177,nanded
286,Suraj,Adsule,3816347994,pune
287,Rohit,Jindamwar,2750377811,nanded
288,Suraj,Adsule,1684407628,pune
289,Rohit,Jindamwar,8080228726,nanded
290,Suraj,Adsule,7014258543,pune
291,Rohit,Jindamwar,5948288360,nanded
292,Suraj,Adsule,4882318177,pune
293,Rohit,Jindamwar,3816347994,nanded
294,Suraj,Adsule,2750377811,pune
295,Rohit,Jindamwar,9146198909,nanded
296,Suraj,Adsule,8080228726,pune
297,Rohit,Jindamwar,7014258543,nanded
298,Suraj,Adsule,5948288360,pune
299,Rohit,Jindamwar,4882318177,nanded
300,Suraj,Adsule,3816347994,pune
301,Rohit,Jindamwar,2750377811,nanded
302,Suraj,Adsule,1684407628,pune
303,Rohit,Jindamwar,8080228726,nanded
304,Suraj,Adsule,7014258543,pune
305,Rohit,Jindamwar,5948288360,nanded
306,Suraj,Adsule,4882318177,pune
307,Rohit,Jindamwar,3816347994,nanded
308,Suraj,Adsule,2750377811,pune
309,Rohit,Jindamwar,9146198909,nanded
310,Suraj,Adsule,8080228726,pune
311,Rohit,Jindamwar,7014258543,nanded
312,Suraj,Adsule,5948288360,pune
313,Rohit,Jindamwar,4882318177,nanded
314,Suraj,Adsule,3816347994,pune
315,Rohit,Jindamwar,2750377811,nanded
316,Suraj,Adsule,1684407628,pune
317,Rohit,Jindamwar,8080228726,nanded
318,Suraj,Adsule,7014258543,pune
319,Rohit,Jindamwar,5948288360,nanded
320,Suraj,Adsule,4882318177,pune
321,Rohit,Jindamwar,3816347994,nanded
322,Suraj,Adsule,2750377811,pune
323,Rohit,Jindamwar,9146198909,nanded
324,Suraj,Adsule,8080228726,pune
325,Rohit,Jindamwar,7014258543,nanded
326,Suraj,Adsule,5948288360,pune
327,Rohit,Jindamwar,4882318177,nanded
328,Suraj,Adsule,3816347994,pune
329,Rohit,Jindamwar,2750377811,nanded
330,Suraj,Adsule,1684407628,pune
331,Rohit,Jindamwar,8080228726,nanded
332,Suraj,Adsule,7014258543,pune
333,Rohit,Jindamwar,5948288360,nanded
334,Suraj,Adsule,4882318177,pune
335,Rohit,Jindamwar,3816347994,nanded
336,Suraj,Adsule,2750377811,pune
337,Rohit,Jindamwar,9146198909,nanded
338,Suraj,Adsule,8080228726,pune
339,Rohit,Jindamwar,7014258543,nanded
340,Suraj,Adsule,5948288360,pune
341,Rohit,Jindamwar,4882318177,nanded
342,Suraj,Adsule,3816347994,pune
343,Rohit,Jindamwar,2750377811,nanded
344,Suraj,Adsule,1684407628,pune
345,Rohit,Jindamwar,8080228726,nanded
346,Suraj,Adsule,7014258543,pune
347,Rohit,Jindamwar,5948288360,nanded
348,Suraj,Adsule,4882318177,pune
349,Rohit,Jindamwar,3816347994,nanded
350,Suraj,Adsule,2750377811,pune
351,Rohit,Jindamwar,9146198909,nanded
352,Suraj,Adsule,8080228726,pune
353,Rohit,Jindamwar,7014258543,nanded
354,Suraj,Adsule,5948288360,pune
355,Rohit,Jindamwar,4882318177,nanded
356,Suraj,Adsule,3816347994,pune
357,Rohit,Jindamwar,2750377811,nanded
358,Suraj,Adsule,1684407628,pune
359,Rohit,Jindamwar,8080228726,nanded
360,Suraj,Adsule,7014258543,pune
361,Rohit,Jindamwar,5948288360,nanded
362,Suraj,Adsule,4882318177,pune
363,Rohit,Jindamwar,3816347994,nanded
364,Suraj,Adsule,2750377811,pune
365,Rohit,Jindamwar,9146198909,nanded
366,Suraj,Adsule,8080228726,pune
367,Rohit,Jindamwar,7014258543,nanded
368,Suraj,Adsule,5948288360,pune
369,Rohit,Jindamwar,4882318177,nanded
370,Suraj,Adsule,3816347994,pune
371,Rohit,Jindamwar,2750377811,nanded
372,Suraj,Adsule,1684407628,pune
373,Rohit,Jindamwar,8080228726,nanded
374,Suraj,Adsule,7014258543,pune
375,Rohit,Jindamwar,5948288360,nanded
376,Suraj,Adsule,4882318177,pune
377,Rohit,Jindamwar,3816347994,nanded
378,Suraj,Adsule,2750377811,pune
379,Rohit,Jindamwar,9146198909,nanded
380,Suraj,Adsule,8080228726,pune
381,Rohit,Jindamwar,7014258543,nanded
382,Suraj,Adsule,5948288360,pune
383,Rohit,Jindamwar,4882318177,nanded
384,Suraj,Adsule,3816347994,pune
385,Rohit,Jindamwar,2750377811,nanded
386,Suraj,Adsule,1684407628,pune
387,Rohit,Jindamwar,8080228726,nanded
388,Suraj,Adsule,7014258543,pune
389,Rohit,Jindamwar,5948288360,nanded
390,Suraj,Adsule,4882318177,pune
391,Rohit,Jindamwar,3816347994,nanded
392,Suraj,Adsule,2750377811,pune
393,Rohit,Jindamwar,9146198909,nanded
394,Suraj,Adsule,8080228726,pune
395,Rohit,Jindamwar,7014258543,nanded
396,Suraj,Adsule,5948288360,pune
397,Rohit,Jindamwar,4882318177,nanded
398,Suraj,Adsule,3816347994,pune
399,Rohit,Jindamwar,2750377811,nanded
400,Suraj,Adsule,1684407628,pune
401,Rohit,Jindamwar,8080228726,nanded
402,Suraj,Adsule,7014258543,pune
403,Rohit,Jindamwar,5948288360,nanded
404,Suraj,Adsule,4882318177,pune
405,Rohit,Jindamwar,3816347994,nanded
406,Suraj,Adsule,2750377811,pune
407,Rohit,Jindamwar,9146198909,nanded
408,Suraj,Adsule,8080228726,pune
409,Rohit,Jindamwar,7014258543,nanded
410,Suraj,Adsule,5948288360,pune
411,Rohit,Jindamwar,4882318177,nanded
412,Suraj,Adsule,3816347994,pune
413,Rohit,Jindamwar,2750377811,nanded
414,Suraj,Adsule,1684407628,pune
415,Rohit,Jindamwar,8080228726,nanded
416,Suraj,Adsule,7014258543,pune
417,Rohit,Jindamwar,5948288360,nanded
418,Suraj,Adsule,4882318177,pune
419,Rohit,Jindamwar,3816347994,nanded
420,Suraj,Adsule,2750377811,pune
421,Rohit,Jindamwar,9146198909,nanded
422,Suraj,Adsule,8080228726,pune
423,Rohit,Jindamwar,7014258543,nanded
424,Suraj,Adsule,5948288360,pune
425,Rohit,Jindamwar,4882318177,nanded
426,Suraj,Adsule,3816347994,pune
427,Rohit,Jindamwar,2750377811,nanded
428,Suraj,Adsule,1684407628,pune
429,Rohit,Jindamwar,8080228726,nanded
430,Suraj,Adsule,7014258543,pune
431,Rohit,Jindamwar,5948288360,nanded
432,Suraj,Adsule,4882318177,pune
433,Rohit,Jindamwar,3816347994,nanded
434,Suraj,Adsule,2750377811,pune
435,Rohit,Jindamwar,9146198909,nanded
436,Suraj,Adsule,8080228726,pune
437,Rohit,Jindamwar,7014258543,nanded
438,Suraj,Adsule,5948288360,pune
439,Rohit,Jindamwar,4882318177,nanded
440,Suraj,Adsule,3816347994,pune
441,Rohit,Jindamwar,2750377811,nanded
442,Suraj,Adsule,1684407628,pune
443,Rohit,Jindamwar,8080228726,nanded
444,Suraj,Adsule,7014258543,pune
445,Rohit,Jindamwar,5948288360,nanded
446,Suraj,Adsule,4882318177,pune
447,Rohit,Jindamwar,3816347994,nanded
448,Suraj,Adsule,2750377811,pune
449,Rohit,Jindamwar,9146198909,nanded
450,Suraj,Adsule,8080228726,pune
451,Rohit,Jindamwar,7014258543,nanded
452,Suraj,Adsule,5948288360,pune
453,Rohit,Jindamwar,4882318177,nanded
454,Suraj,Adsule,3816347994,pune
455,Rohit,Jindamwar,2750377811,nanded
456,Suraj,Adsule,1684407628,pune
457,Rohit,Jindamwar,8080228726,nanded
458,Suraj,Adsule,7014258543,pune
459,Rohit,Jindamwar,5948288360,nanded
460,Suraj,Adsule,4882318177,pune
461,Rohit,Jindamwar,3816347994,nanded
462,Suraj,Adsule,2750377811,pune
463,Rohit,Jindamwar,9146198909,nanded
464,Suraj,Adsule,8080228726,pune
465,Rohit,Jindamwar,7014258543,nanded
466,Suraj,Adsule,5948288360,pune
467,Rohit,Jindamwar,4882318177,nanded
468,Suraj,Adsule,3816347994,pune
469,Rohit,Jindamwar,2750377811,nanded
470,Suraj,Adsule,1684407628,pune
471,Rohit,Jindamwar,8080228726,nanded
472,Suraj,Adsule,7014258543,pune
473,Rohit,Jindamwar,5948288360,nanded
474,Suraj,Adsule,4882318177,pune
475,Rohit,Jindamwar,3816347994,nanded
476,Suraj,Adsule,2750377811,pune
477,Rohit,Jindamwar,9146198909,nanded
478,Suraj,Adsule,8080228726,pune
479,Rohit,Jindamwar,7014258543,nanded
480,Suraj,Adsule,5948288360,pune
481,Rohit,Jindamwar,4882318177,nanded
482,Suraj,Adsule,3816347994,pune
483,Rohit,Jindamwar,2750377811,nanded
484,Suraj,Adsule,1684407628,pune
485,Rohit,Jindamwar,8080228726,nanded
486,Suraj,Adsule,7014258543,pune
487,Rohit,Jindamwar,5948288360,nanded
488,Suraj,Adsule,4882318177,pune
489,Rohit,Jindamwar,3816347994,nanded
490,Suraj,Adsule,2750377811,pune
491,Rohit,Jindamwar,9146198909,nanded
492,Suraj,Adsule,8080228726,pune
493,Rohit,Jindamwar,7014258543,nanded
494,Suraj,Adsule,5948288360,pune
495,Rohit,Jindamwar,4882318177,nanded
496,Suraj,Adsule,3816347994,pune
497,Rohit,Jindamwar,2750377811,nanded
498,Suraj,Adsule,1684407628,pune
499,Rohit,Jindamwar,8080228726,nanded
500,Suraj,Adsule,7014258543,pune
501,Rohit,Jindamwar,5948288360,nanded
502,Suraj,Adsule,4882318177,pune
503,Rohit,Jindamwar,3816347994,nanded
504,Suraj,Adsule,2750377811,pune
505,Rohit,Jindamwar,9146198909,nanded
506,Suraj,Adsule,8080228726,pune
507,Rohit,Jindamwar,7014258543,nanded
508,Suraj,Adsule,5948288360,pune
509,Rohit,Jindamwar,4882318177,nanded
510,Suraj,Adsule,3816347994,pune
511,Rohit,Jindamwar,2750377811,nanded
512,Suraj,Adsule,1684407628,pune
513,Rohit,Jindamwar,8080228726,nanded
514,Suraj,Adsule,7014258543,pune
515,Rohit,Jindamwar,5948288360,nanded
516,Suraj,Adsule,4882318177,pune
517,Rohit,Jindamwar,3816347994,nanded
518,Suraj,Adsule,2750377811,pune
519,Rohit,Jindamwar,9146198909,nanded
520,Suraj,Adsule,8080228726,pune
521,Rohit,Jindamwar,7014258543,nanded
522,Suraj,Adsule,5948288360,pune
523,Rohit,Jindamwar,4882318177,nanded
524,Suraj,Adsule,3816347994,pune
525,Rohit,Jindamwar,2750377811,nanded
526,Suraj,Adsule,1684407628,pune
527,Rohit,Jindamwar,8080228726,nanded
528,Suraj,Adsule,7014258543,pune
529,Rohit,Jindamwar,5948288360,nanded
530,Suraj,Adsule,4882318177,pune
531,Rohit,Jindamwar,3816347994,nanded
532,Suraj,Adsule,2750377811,pune
533,Rohit,Jindamwar,9146198909,nanded
534,Suraj,Adsule,8080228726,pune
535,Rohit,Jindamwar,7014258543,nanded
536,Suraj,Adsule,5948288360,pune
537,Rohit,Jindamwar,4882318177,nanded
538,Suraj,Adsule,3816347994,pune
539,Rohit,Jindamwar,2750377811,nanded
540,Suraj,Adsule,1684407628,pune
541,Rohit,Jindamwar,8080228726,nanded
542,Suraj,Adsule,7014258543,pune
543,Rohit,Jindamwar,5948288360,nanded
544,Suraj,Adsule,4882318177,pune
545,Rohit,Jindamwar,3816347994,nanded
546,Suraj,Adsule,2750377811,pune
547,Rohit,Jindamwar,9146198909,nanded
548,Suraj,Adsule,8080228726,pune
549,Rohit,Jindamwar,7014258543,nanded
550,Suraj,Adsule,5948288360,pune
551,Rohit,Jindamwar,4882318177,nanded
552,Suraj,Adsule,3816347994,pune
553,Rohit,Jindamwar,2750377811,nanded
554,Suraj,Adsule,1684407628,pune
555,Rohit,Jindamwar,8080228726,nanded
556,Suraj,Adsule,7014258543,pune
557,Rohit,Jindamwar,5948288360,nanded
558,Suraj,Adsule,4882318177,pune
559,Rohit,Jindamwar,3816347994,nanded
560,Suraj,Adsule,2750377811,pune
561,Rohit,Jindamwar,9146198909,nanded
562,Suraj,Adsule,8080228726,pune
563,Rohit,Jindamwar,7014258543,nanded
564,Suraj,Adsule,5948288360,pune
565,Rohit,Jindamwar,4882318177,nanded
566,Suraj,Adsule,3816347994,pune
567,Rohit,Jindamwar,2750377811,nanded
568,Suraj,Adsule,1684407628,pune
569,Rohit,Jindamwar,8080228726,nanded
570,Suraj,Adsule,7014258543,pune
571,Rohit,Jindamwar,5948288360,nanded
572,Suraj,Adsule,4882318177,pune
573,Rohit,Jindamwar,3816347994,nanded
574,Suraj,Adsule,2750377811,pune
575,Rohit,Jindamwar,9146198909,nanded
576,Suraj,Adsule,8080228726,pune
577,Rohit,Jindamwar,7014258543,nanded
578,Suraj,Adsule,5948288360,pune
579,Rohit,Jindamwar,4882318177,nanded
580,Suraj,Adsule,3816347994,pune
581,Rohit,Jindamwar,2750377811,nanded
582,Suraj,Adsule,1684407628,pune
583,Rohit,Jindamwar,8080228726,nanded
584,Suraj,Adsule,7014258543,pune
585,Rohit,Jindamwar,5948288360,nanded
586,Suraj,Adsule,4882318177,pune
587,Rohit,Jindamwar,3816347994,nanded
588,Suraj,Adsule,2750377811,pune
589,Rohit,Jindamwar,9146198909,nanded
590,Suraj,Adsule,8080228726,pune
591,Rohit,Jindamwar,7014258543,nanded
592,Suraj,Adsule,5948288360,pune
593,Rohit,Jindamwar,4882318177,nanded
594,Suraj,Adsule,3816347994,pune
595,Rohit,Jindamwar,2750377811,nanded
596,Suraj,Adsule,1684407628,pune
597,Rohit,Jindamwar,8080228726,nanded
598,Suraj,Adsule,7014258543,pune
599,Rohit,Jindamwar,5948288360,nanded
600,Suraj,Adsule,4882318177,pune
601,Rohit,Jindamwar,3816347994,nanded
602,Suraj,Adsule,2750377811,pune
603,Rohit,Jindamwar,9146198909,nanded
604,Suraj,Adsule,8080228726,pune
605,Rohit,Jindamwar,7014258543,nanded
606,Suraj,Adsule,5948288360,pune
607,Rohit,Jindamwar,4882318177,nanded
608,Suraj,Adsule,3816347994,pune
609,Rohit,Jindamwar,2750377811,nanded
610,Suraj,Adsule,1684407628,pune
611,Rohit,Jindamwar,8080228726,nanded
612,Suraj,Adsule,7014258543,pune
613,Rohit,Jindamwar,5948288360,nanded
614,Suraj,Adsule,4882318177,pune
615,Rohit,Jindamwar,3816347994,nanded
616,Suraj,Adsule,2750377811,pune
617,Rohit,Jindamwar,9146198909,nanded
618,Suraj,Adsule,8080228726,pune
619,Rohit,Jindamwar,7014258543,nanded
620,Suraj,Adsule,5948288360,pune
621,Rohit,Jindamwar,4882318177,nanded
622,Suraj,Adsule,3816347994,pune
623,Rohit,Jindamwar,2750377811,nanded
624,Suraj,Adsule,1684407628,pune
625,Rohit,Jindamwar,8080228726,nanded
626,Suraj,Adsule,7014258543,pune
627,Rohit,Jindamwar,5948288360,nanded
628,Suraj,Adsule,4882318177,pune
629,Rohit,Jindamwar,3816347994,nanded
630,Suraj,Adsule,2750377811,pune
631,Rohit,Jindamwar,9146198909,nanded
632,Suraj,Adsule,8080228726,pune
633,Rohit,Jindamwar,7014258543,nanded
634,Suraj,Adsule,5948288360,pune
635,Rohit,Jindamwar,4882318177,nanded
636,Suraj,Adsule,3816347994,pune
637,Rohit,Jindamwar,2750377811,nanded
638,Suraj,Adsule,1684407628,pune
639,Rohit,Jindamwar,8080228726,nanded
640,Suraj,Adsule,7014258543,pune
641,Rohit,Jindamwar,5948288360,nanded
642,Suraj,Adsule,4882318177,pune
643,Rohit,Jindamwar,3816347994,nanded
644,Suraj,Adsule,2750377811,pune
645,Rohit,Jindamwar,9146198909,nanded
646,Suraj,Adsule,8080228726,pune
647,Rohit,Jindamwar,7014258543,nanded
648,Suraj,Adsule,5948288360,pune
649,Rohit,Jindamwar,4882318177,nanded
650,Suraj,Adsule,3816347994,pune
651,Rohit,Jindamwar,2750377811,nanded
652,Suraj,Adsule,1684407628,pune
653,Rohit,Jindamwar,8080228726,nanded
654,Suraj,Adsule,7014258543,pune
655,Rohit,Jindamwar,5948288360,nanded
656,Suraj,Adsule,4882318177,pune
657,Rohit,Jindamwar,3816347994,nanded
658,Suraj,Adsule,2750377811,pune
659,Rohit,Jindamwar,9146198909,nanded
660,Suraj,Adsule,8080228726,pune
661,Rohit,Jindamwar,7014258543,nanded
662,Suraj,Adsule,5948288360,pune
663,Rohit,Jindamwar,4882318177,nanded
664,Suraj,Adsule,3816347994,pune
665,Rohit,Jindamwar,2750377811,nanded
666,Suraj,Adsule,1684407628,pune
667,Rohit,Jindamwar,8080228726,nanded
668,Suraj,Adsule,7014258543,pune
669,Rohit,Jindamwar,5948288360,nanded
670,Suraj,Adsule,4882318177,pune
671,Rohit,Jindamwar,3816347994,nanded
672,Suraj,Adsule,2750377811,pune
673,Rohit,Jindamwar,9146198909,nanded
674,Suraj,Adsule,8080228726,pune
675,Rohit,Jindamwar,7014258543,nanded
676,Suraj,Adsule,5948288360,pune
677,Rohit,Jindamwar,4882318177,nanded
678,Suraj,Adsule,3816347994,pune
679,Rohit,Jindamwar,2750377811,nanded
680,Suraj,Adsule,1684407628,pune
681,Rohit,Jindamwar,8080228726,nanded
682,Suraj,Adsule,7014258543,pune
683,Rohit,Jindamwar,5948288360,nanded
684,Suraj,Adsule,4882318177,pune
685,Rohit,Jindamwar,3816347994,nanded
686,Suraj,Adsule,2750377811,pune
687,Rohit,Jindamwar,9146198909,nanded
688,Suraj,Adsule,8080228726,pune
689,Rohit,Jindamwar,7014258543,nanded
690,Suraj,Adsule,5948288360,pune
691,Rohit,Jindamwar,4882318177,nanded
692,Suraj,Adsule,3816347994,pune
693,Rohit,Jindamwar,2750377811,nanded
694,Suraj,Adsule,1684407628,pune
695,Rohit,Jindamwar,8080228726,nanded
696,Suraj,Adsule,7014258543,pune
697,Rohit,Jindamwar,5948288360,nanded
698,Suraj,Adsule,4882318177,pune
699,Rohit,Jindamwar,3816347994,nanded
700,Suraj,Adsule,2750377811,pune
701,Rohit,Jindamwar,9146198909,nanded
702,Suraj,Adsule,8080228726,pune
703,Rohit,Jindamwar,7014258543,nanded
704,Suraj,Adsule,5948288360,pune
705,Rohit,Jindamwar,4882318177,nanded
706,Suraj,Adsule,3816347994,pune
707,Rohit,Jindamwar,2750377811,nanded
708,Suraj,Adsule,1684407628,pune
709,Rohit,Jindamwar,8080228726,nanded
710,Suraj,Adsule,7014258543,pune
711,Rohit,Jindamwar,5948288360,nanded
712,Suraj,Adsule,4882318177,pune
713,Rohit,Jindamwar,3816347994,nanded
714,Suraj,Adsule,2750377811,pune
715,Rohit,Jindamwar,9146198909,nanded
716,Suraj,Adsule,8080228726,pune
717,Rohit,Jindamwar,7014258543,nanded
718,Suraj,Adsule,5948288360,pune
719,Rohit,Jindamwar,4882318177,nanded
720,Suraj,Adsule,3816347994,pune
721,Rohit,Jindamwar,2750377811,nanded
722,Suraj,Adsule,1684407628,pune
723,Rohit,Jindamwar,8080228726,nanded
724,Suraj,Adsule,7014258543,pune
725,Rohit,Jindamwar,5948288360,nanded
726,Suraj,Adsule,4882318177,pune
727,Rohit,Jindamwar,3816347994,nanded
728,Suraj,Adsule,2750377811,pune
729,Rohit,Jindamwar,9146198909,nanded
730,Suraj,Adsule,8080228726,pune
731,Rohit,Jindamwar,7014258543,nanded
732,Suraj,Adsule,5948288360,pune
733,Rohit,Jindamwar,4882318177,nanded
734,Suraj,Adsule,3816347994,pune
735,Rohit,Jindamwar,2750377811,nanded
736,Suraj,Adsule,1684407628,pune
737,Rohit,Jindamwar,8080228726,nanded
738,Suraj,Adsule,7014258543,pune
739,Rohit,Jindamwar,5948288360,nanded
740,Suraj,Adsule,4882318177,pune
741,Rohit,Jindamwar,3816347994,nanded
742,Suraj,Adsule,2750377811,pune
743,Rohit,Jindamwar,9146198909,nanded
744,Suraj,Adsule,8080228726,pune
745,Rohit,Jindamwar,7014258543,nanded
746,Suraj,Adsule,5948288360,pune
747,Rohit,Jindamwar,4882318177,nanded
748,Suraj,Adsule,3816347994,pune
749,Rohit,Jindamwar,2750377811,nanded
750,Suraj,Adsule,1684407628,pune
751,Rohit,Jindamwar,8080228726,nanded
752,Suraj,Adsule,7014258543,pune
753,Rohit,Jindamwar,5948288360,nanded
754,Suraj,Adsule,4882318177,pune
755,Rohit,Jindamwar,3816347994,nanded
756,Suraj,Adsule,2750377811,pune
757,Rohit,Jindamwar,9146198909,nanded
758,Suraj,Adsule,8080228726,pune
759,Rohit,Jindamwar,7014258543,nanded
760,Suraj,Adsule,5948288360,pune
761,Rohit,Jindamwar,4882318177,nanded
762,Suraj,Adsule,3816347994,pune
763,Rohit,Jindamwar,2750377811,nanded
764,Suraj,Adsule,1684407628,pune
765,Rohit,Jindamwar,8080228726,nanded
766,Suraj,Adsule,7014258543,pune
767,Rohit,Jindamwar,5948288360,nanded
768,Suraj,Adsule,4882318177,pune
769,Rohit,Jindamwar,3816347994,nanded
770,Suraj,Adsule,2750377811,pune
771,Rohit,Jindamwar,9146198909,nanded
772,Suraj,Adsule,8080228726,pune
773,Rohit,Jindamwar,7014258543,nanded
774,Suraj,Adsule,5948288360,pune
775,Rohit,Jindamwar,4882318177,nanded
776,Suraj,Adsule,3816347994,pune
777,Rohit,Jindamwar,2750377811,nanded
778,Suraj,Adsule,1684407628,pune
779,Rohit,Jindamwar,8080228726,nanded
780,Suraj,Adsule,7014258543,pune
781,Rohit,Jindamwar,5948288360,nanded
782,Suraj,Adsule,4882318177,pune
783,Rohit,Jindamwar,3816347994,nanded
784,Suraj,Adsule,2750377811,pune
785,Rohit,Jindamwar,9146198909,nanded
786,Suraj,Adsule,8080228726,pune
787,Rohit,Jindamwar,7014258543,nanded
788,Suraj,Adsule,5948288360,pune
789,Rohit,Jindamwar,4882318177,nanded
790,Suraj,Adsule,3816347994,pune
791,Rohit,Jindamwar,2750377811,nanded
792,Suraj,Adsule,1684407628,pune
793,Rohit,Jindamwar,8080228726,nanded
794,Suraj,Adsule,7014258543,pune
795,Rohit,Jindamwar,5948288360,nanded
796,Suraj,Adsule,4882318177,pune
797,Rohit,Jindamwar,3816347994,nanded
798,Suraj,Adsule,2750377811,pune
799,Rohit,Jindamwar,9146198909,nanded
800,Suraj,Adsule,8080228726,pune
801,Rohit,Jindamwar,7014258543,nanded
802,Suraj,Adsule,5948288360,pune
803,Rohit,Jindamwar,4882318177,nanded
804,Suraj,Adsule,3816347994,pune
805,Rohit,Jindamwar,2750377811,nanded
806,Suraj,Adsule,1684407628,pune
807,Rohit,Jindamwar,8080228726,nanded
808,Suraj,Adsule,7014258543,pune
809,Rohit,Jindamwar,5948288360,nanded
810,Suraj,Adsule,4882318177,pune
811,Rohit,Jindamwar,3816347994,nanded
812,Suraj,Adsule,2750377811,pune
813,Rohit,Jindamwar,9146198909,nanded
814,Suraj,Adsule,8080228726,pune
815,Rohit,Jindamwar,7014258543,nanded
816,Suraj,Adsule,5948288360,pune
817,Rohit,Jindamwar,4882318177,nanded
818,Suraj,Adsule,3816347994,pune
819,Rohit,Jindamwar,2750377811,nanded
820,Suraj,Adsule,1684407628,pune
821,Rohit,Jindamwar,8080228726,nanded
822,Suraj,Adsule,7014258543,pune
823,Rohit,Jindamwar,5948288360,nanded
824,Suraj,Adsule,4882318177,pune
825,Rohit,Jindamwar,3816347994,nanded
826,Suraj,Adsule,2750377811,pune
827,Rohit,Jindamwar,9146198909,nanded
828,Suraj,Adsule,8080228726,pune
829,Rohit,Jindamwar,7014258543,nanded
830,Suraj,Adsule,5948288360,pune
831,Rohit,Jindamwar,4882318177,nanded
832,Suraj,Adsule,3816347994,pune
833,Rohit,Jindamwar,2750377811,nanded
834,Suraj,Adsule,1684407628,pune
835,Rohit,Jindamwar,8080228726,nanded
836,Suraj,Adsule,7014258543,pune
837,Rohit,Jindamwar,5948288360,nanded
838,Suraj,Adsule,4882318177,pune
839,Rohit,Jindamwar,3816347994,nanded
840,Suraj,Adsule,2750377811,pune
841,Rohit,Jindamwar,9146198909,nanded
842,Suraj,Adsule,8080228726,pune
843,Rohit,Jindamwar,7014258543,nanded
844,Suraj,Adsule,5948288360,pune
845,Rohit,Jindamwar,4882318177,nanded
846,Suraj,Adsule,3816347994,pune
847,Rohit,Jindamwar,2750377811,nanded
848,Suraj,Adsule,1684407628,pune
849,Rohit,Jindamwar,8080228726,nanded
850,Suraj,Adsule,7014258543,pune
851,Rohit,Jindamwar,5948288360,nanded
852,Suraj,Adsule,4882318177,pune
853,Rohit,Jindamwar,3816347994,nanded
854,Suraj,Adsule,2750377811,pune
855,Rohit,Jindamwar,9146198909,nanded
856,Suraj,Adsule,8080228726,pune
857,Rohit,Jindamwar,7014258543,nanded
858,Suraj,Adsule,5948288360,pune
859,Rohit,Jindamwar,4882318177,nanded
860,Suraj,Adsule,3816347994,pune
861,Rohit,Jindamwar,2750377811,nanded
862,Suraj,Adsule,1684407628,pune
863,Rohit,Jindamwar,8080228726,nanded
864,Suraj,Adsule,7014258543,pune
865,Rohit,Jindamwar,5948288360,nanded
866,Suraj,Adsule,4882318177,pune
867,Rohit,Jindamwar,3816347994,nanded
868,Suraj,Adsule,2750377811,pune
869,Rohit,Jindamwar,9146198909,nanded
870,Suraj,Adsule,8080228726,pune
871,Rohit,Jindamwar,7014258543,nanded
872,Suraj,Adsule,5948288360,pune
873,Rohit,Jindamwar,4882318177,nanded
874,Suraj,Adsule,3816347994,pune
875,Rohit,Jindamwar,2750377811,nanded
876,Suraj,Adsule,1684407628,pune
877,Rohit,Jindamwar,8080228726,nanded
878,Suraj,Adsule,7014258543,pune
879,Rohit,Jindamwar,5948288360,nanded
880,Suraj,Adsule,4882318177,pune
881,Rohit,Jindamwar,3816347994,nanded
882,Suraj,Adsule,2750377811,pune
883,Rohit,Jindamwar,9146198909,nanded
884,Suraj,Adsule,8080228726,pune
885,Rohit,Jindamwar,7014258543,nanded
886,Suraj,Adsule,5948288360,pune
887,Rohit,Jindamwar,4882318177,nanded
888,Suraj,Adsule,3816347994,pune
889,Rohit,Jindamwar,2750377811,nanded
890,Suraj,Adsule,1684407628,pune
891,Rohit,Jindamwar,8080228726,nanded
892,Suraj,Adsule,7014258543,pune
893,Rohit,Jindamwar,5948288360,nanded
894,Suraj,Adsule,4882318177,pune
895,Rohit,Jindamwar,3816347994,nanded
896,Suraj,Adsule,2750377811,pune
897,Rohit,Jindamwar,9146198909,nanded
898,Suraj,Adsule,8080228726,pune
899,Rohit,Jindamwar,7014258543,nanded
900,Suraj,Adsule,5948288360,pune
901,Rohit,Jindamwar,4882318177,nanded
902,Suraj,Adsule,3816347994,pune
903,Rohit,Jindamwar,2750377811,nanded
904,Suraj,Adsule,1684407628,pune
905,Rohit,Jindamwar,8080228726,nanded
906,Suraj,Adsule,7014258543,pune
907,Rohit,Jindamwar,5948288360,nanded
908,Suraj,Adsule,4882318177,pune
909,Rohit,Jindamwar,3816347994,nanded
910,Suraj,Adsule,2750377811,pune
911,Rohit,Jindamwar,9146198909,nanded
912,Suraj,Adsule,8080228726,pune
913,Rohit,Jindamwar,7014258543,nanded
914,Suraj,Adsule,5948288360,pune
915,Rohit,Jindamwar,4882318177,nanded
916,Suraj,Adsule,3816347994,pune
917,Rohit,Jindamwar,2750377811,nanded
918,Suraj,Adsule,1684407628,pune
919,Rohit,Jindamwar,8080228726,nanded
920,Suraj,Adsule,7014258543,pune
921,Rohit,Jindamwar,5948288360,nanded
922,Suraj,Adsule,4882318177,pune
923,Rohit,Jindamwar,3816347994,nanded
924,Suraj,Adsule,2750377811,pune
925,Rohit,Jindamwar,9146198909,nanded
926,Suraj,Adsule,8080228726,pune
927,Rohit,Jindamwar,7014258543,nanded
928,Suraj,Adsule,5948288360,pune
929,Rohit,Jindamwar,4882318177,nanded
930,Suraj,Adsule,3816347994,pune
931,Rohit,Jindamwar,2750377811,nanded
932,Suraj,Adsule,1684407628,pune
933,Rohit,Jindamwar,8080228726,nanded
934,Suraj,Adsule,7014258543,pune
935,Rohit,Jindamwar,5948288360,nanded
936,Suraj,Adsule,4882318177,pune
937,Rohit,Jindamwar,3816347994,nanded
938,Suraj,Adsule,2750377811,pune
939,Rohit,Jindamwar,9146198909,nanded
940,Suraj,Adsule,8080228726,pune
941,Rohit,Jindamwar,7014258543,nanded
942,Suraj,Adsule,5948288360,pune
943,Rohit,Jindamwar,4882318177,nanded
944,Suraj,Adsule,3816347994,pune
945,Rohit,Jindamwar,2750377811,nanded
946,Suraj,Adsule,1684407628,pune
947,Rohit,Jindamwar,8080228726,nanded
948,Suraj,Adsule,7014258543,pune
949,Rohit,Jindamwar,5948288360,nanded
950,Suraj,Adsule,4882318177,pune
951,Rohit,Jindamwar,3816347994,nanded
952,Suraj,Adsule,2750377811,pune
953,Rohit,Jindamwar,9146198909,nanded
954,Suraj,Adsule,8080228726,pune
955,Rohit,Jindamwar,7014258543,nanded
956,Suraj,Adsule,5948288360,pune
957,Rohit,Jindamwar,4882318177,nanded
958,Suraj,Adsule,3816347994,pune
959,Rohit,Jindamwar,2750377811,nanded
960,Suraj,Adsule,1684407628,pune
961,Rohit,Jindamwar,8080228726,nanded
962,Suraj,Adsule,7014258543,pune
963,Rohit,Jindamwar,5948288360,nanded
964,Suraj,Adsule,4882318177,pune
965,Rohit,Jindamwar,3816347994,nanded
966,Suraj,Adsule,2750377811,pune
967,Rohit,Jindamwar,9146198909,nanded
968,Suraj,Adsule,8080228726,pune
969,Rohit,Jindamwar,7014258543,nanded
970,Suraj,Adsule,5948288360,pune
971,Rohit,Jindamwar,4882318177,nanded
972,Suraj,Adsule,3816347994,pune
973,Rohit,Jindamwar,2750377811,nanded
974,Suraj,Adsule,1684407628,pune
975,Rohit,Jindamwar,8080228726,nanded
976,Suraj,Adsule,7014258543,pune
977,Rohit,Jindamwar,5948288360,nanded
978,Suraj,Adsule,4882318177,pune
979,Rohit,Jindamwar,3816347994,nanded
980,Suraj,Adsule,2750377811,pune
981,Rohit,Jindamwar,9146198909,nanded
982,Suraj,Adsule,8080228726,pune
983,Rohit,Jindamwar,7014258543,nanded
984,Suraj,Adsule,5948288360,pune
985,Rohit,Jindamwar,4882318177,nanded
986,Suraj,Adsule,3816347994,pune
987,Rohit,Jindamwar,2750377811,nanded
988,Suraj,Adsule,1684407628,pune
989,Rohit,Jindamwar,8080228726,nanded
990,Suraj,Adsule,7014258543,pune
991,Rohit,Jindamwar,5948288360,nanded
992,Suraj,Adsule,4882318177,pune
993,Rohit,Jindamwar,3816347994,nanded
994,Suraj,Adsule,2750377811,pune
995,Rohit,Jindamwar,9146198909,nanded
996,Suraj,Adsule,8080228726,pune
997,Rohit,Jindamwar,7014258543,nanded
998,Suraj,Adsule,5948288360,pune
999,Rohit,Jindamwar,4882318177,nanded
1000,Suraj,Adsule,3816347994,pune
1001,Rohit,Jindamwar,2750377811,nanded
1002,Suraj,Adsule,1684407628,pune
1003,Rohit,Jindamwar,8080228726,nanded
1004,Suraj,Adsule,7014258543,pune
1005,Rohit,Jindamwar,5948288360,nanded
1006,Suraj,Adsule,4882318177,pune
1007,Rohit,Jindamwar,3816347994,nanded
1008,Suraj,Adsule,2750377811,pune
1009,Rohit,Jindamwar,9146198909,nanded
1010,Suraj,Adsule,8080228726,pune
1011,Rohit,Jindamwar,7014258543,nanded
1012,Suraj,Adsule,5948288360,pune
1013,Rohit,Jindamwar,4882318177,nanded
1014,Suraj,Adsule,3816347994,pune
1015,Rohit,Jindamwar,2750377811,nanded
1016,Suraj,Adsule,1684407628,pune
1017,Rohit,Jindamwar,8080228726,nanded
1018,Suraj,Adsule,7014258543,pune
1019,Rohit,Jindamwar,5948288360,nanded
1020,Suraj,Adsule,4882318177,pune
1021,Rohit,Jindamwar,3816347994,nanded
1022,Suraj,Adsule,2750377811,pune
1023,Rohit,Jindamwar,9146198909,nanded
1024,Suraj,Adsule,8080228726,pune
1025,Rohit,Jindamwar,7014258543,nanded
1026,Suraj,Adsule,5948288360,pune
1027,Rohit,Jindamwar,4882318177,nanded
1028,Suraj,Adsule,3816347994,pune
1029,Rohit,Jindamwar,2750377811,nanded
1030,Suraj,Adsule,1684407628,pune
1031,Rohit,Jindamwar,8080228726,nanded
1032,Suraj,Adsule,7014258543,pune
1033,Rohit,Jindamwar,5948288360,nanded
1034,Suraj,Adsule,4882318177,pune
1035,Rohit,Jindamwar,3816347994,nanded
1036,Suraj,Adsule,2750377811,pune
1037,Rohit,Jindamwar,9146198909,nanded
1038,Suraj,Adsule,8080228726,pune
1039,Rohit,Jindamwar,7014258543,nanded
1040,Suraj,Adsule,5948288360,pune
1041,Rohit,Jindamwar,4882318177,nanded
1042,Suraj,Adsule,3816347994,pune
1043,Rohit,Jindamwar,2750377811,nanded
1044,Suraj,Adsule,1684407628,pune
1045,Rohit,Jindamwar,8080228726,nanded
1046,Suraj,Adsule,7014258543,pune
1047,Rohit,Jindamwar,5948288360,nanded
1048,Suraj,Adsule,4882318177,pune
1049,Rohit,Jindamwar,3816347994,nanded
1050,Suraj,Adsule,2750377811,pune
1051,Rohit,Jindamwar,9146198909,nanded
1052,Suraj,Adsule,8080228726,pune
1053,Rohit,Jindamwar,7014258543,nanded
1054,Suraj,Adsule,5948288360,pune
1055,Rohit,Jindamwar,4882318177,nanded
1056,Suraj,Adsule,3816347994,pune
1057,Rohit,Jindamwar,2750377811,nanded
1058,Suraj,Adsule,1684407628,pune
1059,Rohit,Jindamwar,8080228726,nanded
1060,Suraj,Adsule,7014258543,pune
1061,Rohit,Jindamwar,5948288360,nanded
1062,Suraj,Adsule,4882318177,pune
1063,Rohit,Jindamwar,3816347994,nanded
1064,Suraj,Adsule,2750377811,pune
1065,Rohit,Jindamwar,9146198909,nanded
1066,Suraj,Adsule,8080228726,pune
1067,Rohit,Jindamwar,7014258543,nanded
1068,Suraj,Adsule,5948288360,pune
1069,Rohit,Jindamwar,4882318177,nanded
1070,Suraj,Adsule,3816347994,pune
1071,Rohit,Jindamwar,2750377811,nanded
1072,Suraj,Adsule,1684407628,pune
1073,Rohit,Jindamwar,8080228726,nanded
1074,Suraj,Adsule,7014258543,pune
1075,Rohit,Jindamwar,5948288360,nanded
1076,Suraj,Adsule,4882318177,pune
1077,Rohit,Jindamwar,3816347994,nanded
1078,Suraj,Adsule,2750377811,pune
1079,Rohit,Jindamwar,9146198909,nanded
1080,Suraj,Adsule,8080228726,pune
1081,Rohit,Jindamwar,7014258543,nanded
1082,Suraj,Adsule,5948288360,pune
1083,Rohit,Jindamwar,4882318177,nanded
1084,Suraj,Adsule,3816347994,pune
1085,Rohit,Jindamwar,2750377811,nanded
1086,Suraj,Adsule,1684407628,pune
1087,Rohit,Jindamwar,8080228726,nanded
1088,Suraj,Adsule,7014258543,pune
1089,Rohit,Jindamwar,5948288360,nanded
1090,Suraj,Adsule,4882318177,pune
1091,Rohit,Jindamwar,3816347994,nanded
1092,Suraj,Adsule,2750377811,pune
1093,Rohit,Jindamwar,9146198909,nanded
1094,Suraj,Adsule,8080228726,pune
1095,Rohit,Jindamwar,7014258543,nanded
1096,Suraj,Adsule,5948288360,pune
1097,Rohit,Jindamwar,4882318177,nanded
1098,Suraj,Adsule,3816347994,pune
1099,Rohit,Jindamwar,2750377811,nanded
1100,Suraj,Adsule,1684407628,pune
1101,Rohit,Jindamwar,8080228726,nanded
1102,Suraj,Adsule,7014258543,pune
1103,Rohit,Jindamwar,5948288360,nanded
1104,Suraj,Adsule,4882318177,pune
1105,Rohit,Jindamwar,3816347994,nanded
1106,Suraj,Adsule,2750377811,pune
1107,Rohit,Jindamwar,9146198909,nanded
1108,Suraj,Adsule,8080228726,pune
1109,Rohit,Jindamwar,7014258543,nanded
1110,Suraj,Adsule,5948288360,pune
1111,Rohit,Jindamwar,4882318177,nanded
1112,Suraj,Adsule,3816347994,pune
1113,Rohit,Jindamwar,2750377811,nanded
1114,Suraj,Adsule,1684407628,pune
1115,Rohit,Jindamwar,8080228726,nanded
1116,Suraj,Adsule,7014258543,pune
1117,Rohit,Jindamwar,5948288360,nanded
1118,Suraj,Adsule,4882318177,pune
1119,Rohit,Jindamwar,3816347994,nanded
1120,Suraj,Adsule,2750377811,pune
1121,Rohit,Jindamwar,9146198909,nanded
1122,Suraj,Adsule,8080228726,pune
1123,Rohit,Jindamwar,7014258543,nanded
1124,Suraj,Adsule,5948288360,pune
1125,Rohit,Jindamwar,4882318177,nanded
1126,Suraj,Adsule,3816347994,pune
1127,Rohit,Jindamwar,2750377811,nanded
1128,Suraj,Adsule,1684407628,pune
1129,Rohit,Jindamwar,8080228726,nanded
1130,Suraj,Adsule,7014258543,pune
1131,Rohit,Jindamwar,5948288360,nanded
1132,Suraj,Adsule,4882318177,pune
1133,Rohit,Jindamwar,3816347994,nanded
1134,Suraj,Adsule,2750377811,pune
1135,Rohit,Jindamwar,9146198909,nanded
1136,Suraj,Adsule,8080228726,pune
1137,Rohit,Jindamwar,7014258543,nanded
1138,Suraj,Adsule,5948288360,pune
1139,Rohit,Jindamwar,4882318177,nanded
1140,Suraj,Adsule,3816347994,pune
1141,Rohit,Jindamwar,2750377811,nanded
1142,Suraj,Adsule,1684407628,pune
1143,Rohit,Jindamwar,8080228726,nanded
1144,Suraj,Adsule,7014258543,pune
1145,Rohit,Jindamwar,5948288360,nanded
1146,Suraj,Adsule,4882318177,pune
1147,Rohit,Jindamwar,3816347994,nanded
1148,Suraj,Adsule,2750377811,pune
1149,Rohit,Jindamwar,9146198909,nanded
1150,Suraj,Adsule,8080228726,pune
1151,Rohit,Jindamwar,7014258543,nanded
1152,Suraj,Adsule,5948288360,pune
1153,Rohit,Jindamwar,4882318177,nanded
1154,Suraj,Adsule,3816347994,pune
1155,Rohit,Jindamwar,2750377811,nanded
1156,Suraj,Adsule,1684407628,pune
1157,Rohit,Jindamwar,8080228726,nanded
1158,Suraj,Adsule,7014258543,pune
1159,Rohit,Jindamwar,5948288360,nanded
1160,Suraj,Adsule,4882318177,pune
1161,Rohit,Jindamwar,3816347994,nanded
1162,Suraj,Adsule,2750377811,pune
1163,Rohit,Jindamwar,9146198909,nanded
1164,Suraj,Adsule,8080228726,pune
1165,Rohit,Jindamwar,7014258543,nanded
1166,Suraj,Adsule,5948288360,pune
1167,Rohit,Jindamwar,4882318177,nanded
1168,Suraj,Adsule,3816347994,pune
1169,Rohit,Jindamwar,2750377811,nanded
1170,Suraj,Adsule,1684407628,pune
1171,Rohit,Jindamwar,8080228726,nanded
1172,Suraj,Adsule,7014258543,pune
1173,Rohit,Jindamwar,5948288360,nanded
1174,Suraj,Adsule,4882318177,pune
1175,Rohit,Jindamwar,3816347994,nanded
1176,Suraj,Adsule,2750377811,pune
1177,Rohit,Jindamwar,9146198909,nanded
1178,Suraj,Adsule,8080228726,pune
1179,Rohit,Jindamwar,7014258543,nanded
1180,Suraj,Adsule,5948288360,pune
1181,Rohit,Jindamwar,4882318177,nanded
1182,Suraj,Adsule,3816347994,pune
1183,Rohit,Jindamwar,2750377811,nanded
1184,Suraj,Adsule,1684407628,pune
1185,Rohit,Jindamwar,8080228726,nanded
1186,Suraj,Adsule,7014258543,pune
1187,Rohit,Jindamwar,5948288360,nanded
1188,Suraj,Adsule,4882318177,pune
1189,Rohit,Jindamwar,3816347994,nanded
1190,Suraj,Adsule,2750377811,pune
1191,Rohit,Jindamwar,9146198909,nanded
1192,Suraj,Adsule,8080228726,pune
1193,Rohit,Jindamwar,7014258543,nanded
1194,Suraj,Adsule,5948288360,pune
1195,Rohit,Jindamwar,4882318177,nanded
1196,Suraj,Adsule,3816347994,pune
1197,Rohit,Jindamwar,2750377811,nanded
1198,Suraj,Adsule,1684407628,pune
1199,Rohit,Jindamwar,8080228726,nanded
1200,Suraj,Adsule,7014258543,pune
1201,Rohit,Jindamwar,5948288360,nanded
1202,Suraj,Adsule,4882318177,pune
1203,Rohit,Jindamwar,3816347994,nanded
1204,Suraj,Adsule,2750377811,pune
1205,Rohit,Jindamwar,9146198909,nanded
1206,Suraj,Adsule,8080228726,pune
1207,Rohit,Jindamwar,7014258543,nanded
1208,Suraj,Adsule,5948288360,pune
1209,Rohit,Jindamwar,4882318177,nanded
1210,Suraj,Adsule,3816347994,pune
1211,Rohit,Jindamwar,2750377811,nanded
1212,Suraj,Adsule,1684407628,pune
1213,Rohit,Jindamwar,8080228726,nanded
1214,Suraj,Adsule,7014258543,pune
1215,Rohit,Jindamwar,5948288360,nanded
1216,Suraj,Adsule,4882318177,pune
1217,Rohit,Jindamwar,3816347994,nanded
1218,Suraj,Adsule,2750377811,pune
1219,Rohit,Jindamwar,9146198909,nanded
1220,Suraj,Adsule,8080228726,pune
1221,Rohit,Jindamwar,7014258543,nanded
1222,Suraj,Adsule,5948288360,pune
1223,Rohit,Jindamwar,4882318177,nanded
1224,Suraj,Adsule,3816347994,pune
1225,Rohit,Jindamwar,2750377811,nanded
1226,Suraj,Adsule,1684407628,pune
1227,Rohit,Jindamwar,8080228726,nanded
1228,Suraj,Adsule,7014258543,pune
1229,Rohit,Jindamwar,5948288360,nanded
1230,Suraj,Adsule,4882318177,pune
1231,Rohit,Jindamwar,3816347994,nanded
1232,Suraj,Adsule,2750377811,pune
1233,Rohit,Jindamwar,9146198909,nanded
1234,Suraj,Adsule,8080228726,pune
1235,Rohit,Jindamwar,7014258543,nanded
1236,Suraj,Adsule,5948288360,pune
1237,Rohit,Jindamwar,4882318177,nanded
1238,Suraj,Adsule,3816347994,pune
1239,Rohit,Jindamwar,2750377811,nanded
1240,Suraj,Adsule,1684407628,pune
1241,Rohit,Jindamwar,8080228726,nanded
1242,Suraj,Adsule,7014258543,pune
1243,Rohit,Jindamwar,5948288360,nanded
1244,Suraj,Adsule,4882318177,pune
1245,Rohit,Jindamwar,3816347994,nanded
1246,Suraj,Adsule,2750377811,pune
1247,Rohit,Jindamwar,9146198909,nanded
1248,Suraj,Adsule,8080228726,pune
1249,Rohit,Jindamwar,7014258543,nanded
1250,Suraj,Adsule,5948288360,pune
1251,Rohit,Jindamwar,4882318177,nanded
1252,Suraj,Adsule,3816347994,pune
1253,Rohit,Jindamwar,2750377811,nanded
1254,Suraj,Adsule,1684407628,pune
1255,Rohit,Jindamwar,8080228726,nanded
1256,Suraj,Adsule,7014258543,pune
1257,Rohit,Jindamwar,5948288360,nanded
1258,Suraj,Adsule,4882318177,pune
1259,Rohit,Jindamwar,3816347994,nanded
1260,Suraj,Adsule,2750377811,pune
1261,Rohit,Jindamwar,9146198909,nanded
1262,Suraj,Adsule,8080228726,pune
1263,Rohit,Jindamwar,7014258543,nanded
1264,Suraj,Adsule,5948288360,pune
1265,Rohit,Jindamwar,4882318177,nanded
1266,Suraj,Adsule,3816347994,pune
1267,Rohit,Jindamwar,2750377811,nanded
1268,Suraj,Adsule,1684407628,pune
1269,Rohit,Jindamwar,8080228726,nanded
1270,Suraj,Adsule,7014258543,pune
1271,Rohit,Jindamwar,5948288360,nanded
1272,Suraj,Adsule,4882318177,pune
1273,Rohit,Jindamwar,3816347994,nanded
1274,Suraj,Adsule,2750377811,pune
1275,Rohit,Jindamwar,9146198909,nanded
1276,Suraj,Adsule,8080228726,pune
1277,Rohit,Jindamwar,7014258543,nanded
1278,Suraj,Adsule,5948288360,pune
1279,Rohit,Jindamwar,4882318177,nanded
1280,Suraj,Adsule,3816347994,pune
1281,Rohit,Jindamwar,2750377811,nanded
1282,Suraj,Adsule,1684407628,pune
1283,Rohit,Jindamwar,8080228726,nanded
1284,Suraj,Adsule,7014258543,pune
1285,Rohit,Jindamwar,5948288360,nanded
1286,Suraj,Adsule,4882318177,pune
1287,Rohit,Jindamwar,3816347994,nanded
1288,Suraj,Adsule,2750377811,pune
1289,Rohit,Jindamwar,9146198909,nanded
1290,Suraj,Adsule,8080228726,pune
1291,Rohit,Jindamwar,7014258543,nanded
1292,Suraj,Adsule,5948288360,pune
1293,Rohit,Jindamwar,4882318177,nanded
1294,Suraj,Adsule,3816347994,pune
1295,Rohit,Jindamwar,2750377811,nanded
1296,Suraj,Adsule,1684407628,pune
1297,Rohit,Jindamwar,8080228726,nanded
1298,Suraj,Adsule,7014258543,pune
1299,Rohit,Jindamwar,5948288360,nanded
1300,Suraj,Adsule,4882318177,pune
1301,Rohit,Jindamwar,3816347994,nanded
1302,Suraj,Adsule,2750377811,pune
1303,Rohit,Jindamwar,9146198909,nanded
1304,Suraj,Adsule,8080228726,pune
1305,Rohit,Jindamwar,7014258543,nanded
1306,Suraj,Adsule,5948288360,pune
1307,Rohit,Jindamwar,4882318177,nanded
1308,Suraj,Adsule,3816347994,pune
1309,Rohit,Jindamwar,2750377811,nanded
1310,Suraj,Adsule,1684407628,pune
1311,Rohit,Jindamwar,8080228726,nanded
1312,Suraj,Adsule,7014258543,pune
1313,Rohit,Jindamwar,5948288360,nanded
1314,Suraj,Adsule,4882318177,pune
1315,Rohit,Jindamwar,3816347994,nanded
1316,Suraj,Adsule,2750377811,pune
1317,Rohit,Jindamwar,9146198909,nanded
1318,Suraj,Adsule,8080228726,pune
1319,Rohit,Jindamwar,7014258543,nanded
1320,Suraj,Adsule,5948288360,pune
1321,Rohit,Jindamwar,4882318177,nanded
1322,Suraj,Adsule,3816347994,pune
1323,Rohit,Jindamwar,2750377811,nanded
1324,Suraj,Adsule,1684407628,pune
1325,Rohit,Jindamwar,8080228726,nanded
1326,Suraj,Adsule,7014258543,pune
1327,Rohit,Jindamwar,5948288360,nanded
1328,Suraj,Adsule,4882318177,pune
1329,Rohit,Jindamwar,3816347994,nanded
1330,Suraj,Adsule,2750377811,pune
1331,Rohit,Jindamwar,9146198909,nanded
1332,Suraj,Adsule,8080228726,pune
1333,Rohit,Jindamwar,7014258543,nanded
1334,Suraj,Adsule,5948288360,pune
1335,Rohit,Jindamwar,4882318177,nanded
1336,Suraj,Adsule,3816347994,pune
1337,Rohit,Jindamwar,2750377811,nanded
1338,Suraj,Adsule,1684407628,pune
1339,Rohit,Jindamwar,8080228726,nanded
1340,Suraj,Adsule,7014258543,pune
1341,Rohit,Jindamwar,5948288360,nanded
1342,Suraj,Adsule,4882318177,pune
1343,Rohit,Jindamwar,3816347994,nanded
1344,Suraj,Adsule,2750377811,pune
1345,Rohit,Jindamwar,9146198909,nanded
1346,Suraj,Adsule,8080228726,pune
1347,Rohit,Jindamwar,7014258543,nanded
1348,Suraj,Adsule,5948288360,pune
1349,Rohit,Jindamwar,4882318177,nanded
1350,Suraj,Adsule,3816347994,pune
1351,Rohit,Jindamwar,2750377811,nanded
1352,Suraj,Adsule,1684407628,pune
1353,Rohit,Jindamwar,8080228726,nanded
1354,Suraj,Adsule,7014258543,pune
1355,Rohit,Jindamwar,5948288360,nanded
1356,Suraj,Adsule,4882318177,pune
1357,Rohit,Jindamwar,3816347994,nanded
1358,Suraj,Adsule,2750377811,pune
1359,Rohit,Jindamwar,9146198909,nanded
1360,Suraj,Adsule,8080228726,pune
1361,Rohit,Jindamwar,7014258543,nanded
1362,Suraj,Adsule,5948288360,pune
1363,Rohit,Jindamwar,4882318177,nanded
1364,Suraj,Adsule,3816347994,pune
1365,Rohit,Jindamwar,2750377811,nanded
1366,Suraj,Adsule,1684407628,pune
1367,Rohit,Jindamwar,8080228726,nanded
1368,Suraj,Adsule,7014258543,pune
1369,Rohit,Jindamwar,5948288360,nanded
1370,Suraj,Adsule,4882318177,pune
1371,Rohit,Jindamwar,3816347994,nanded
1372,Suraj,Adsule,2750377811,pune
1373,Rohit,Jindamwar,9146198909,nanded
1374,Suraj,Adsule,8080228726,pune
1375,Rohit,Jindamwar,7014258543,nanded
1376,Suraj,Adsule,5948288360,pune
1377,Rohit,Jindamwar,4882318177,nanded
1378,Suraj,Adsule,3816347994,pune
1379,Rohit,Jindamwar,2750377811,nanded
1380,Suraj,Adsule,1684407628,pune
1381,Rohit,Jindamwar,8080228726,nanded
1382,Suraj,Adsule,7014258543,pune
1383,Rohit,Jindamwar,5948288360,nanded
1384,Suraj,Adsule,4882318177,pune
1385,Rohit,Jindamwar,3816347994,nanded
1386,Suraj,Adsule,2750377811,pune
1387,Rohit,Jindamwar,9146198909,nanded
1388,Suraj,Adsule,8080228726,pune
1389,Rohit,Jindamwar,7014258543,nanded
1390,Suraj,Adsule,5948288360,pune
1391,Rohit,Jindamwar,4882318177,nanded
1392,Suraj,Adsule,3816347994,pune
1393,Rohit,Jindamwar,2750377811,nanded
1394,Suraj,Adsule,1684407628,pune
1395,Rohit,Jindamwar,8080228726,nanded
1396,Suraj,Adsule,7014258543,pune
1397,Rohit,Jindamwar,5948288360,nanded
1398,Suraj,Adsule,4882318177,pune
1399,Rohit,Jindamwar,3816347994,nanded
1400,Suraj,Adsule,2750377811,pune
1401,Rohit,Jindamwar,9146198909,nanded
1402,Suraj,Adsule,8080228726,pune
1403,Rohit,Jindamwar,7014258543,nanded
1404,Suraj,Adsule,5948288360,pune
1405,Rohit,Jindamwar,4882318177,nanded
1406,Suraj,Adsule,3816347994,pune
1407,Rohit,Jindamwar,2750377811,nanded
1408,Suraj,Adsule,1684407628,pune
1409,Rohit,Jindamwar,8080228726,nanded
1410,Suraj,Adsule,7014258543,pune
1411,Rohit,Jindamwar,5948288360,nanded
1412,Suraj,Adsule,4882318177,pune
1413,Rohit,Jindamwar,3816347994,nanded
1414,Suraj,Adsule,2750377811,pune
1415,Rohit,Jindamwar,9146198909,nanded
1416,Suraj,Adsule,8080228726,pune
1417,Rohit,Jindamwar,7014258543,nanded
1418,Suraj,Adsule,5948288360,pune
1419,Rohit,Jindamwar,4882318177,nanded
1420,Suraj,Adsule,3816347994,pune
1421,Rohit,Jindamwar,2750377811,nanded
1422,Suraj,Adsule,1684407628,pune
1423,Rohit,Jindamwar,8080228726,nanded
1424,Suraj,Adsule,7014258543,pune
1425,Rohit,Jindamwar,5948288360,nanded
1426,Suraj,Adsule,4882318177,pune
1427,Rohit,Jindamwar,3816347994,nanded
1428,Suraj,Adsule,2750377811,pune
1429,Rohit,Jindamwar,9146198909,nanded
1430,Suraj,Adsule,8080228726,pune
1431,Rohit,Jindamwar,7014258543,nanded
1432,Suraj,Adsule,5948288360,pune
1433,Rohit,Jindamwar,4882318177,nanded
1434,Suraj,Adsule,3816347994,pune
1435,Rohit,Jindamwar,2750377811,nanded
1436,Suraj,Adsule,1684407628,pune
1437,Rohit,Jindamwar,8080228726,nanded
1438,Suraj,Adsule,7014258543,pune
1439,Rohit,Jindamwar,5948288360,nanded
1440,Suraj,Adsule,4882318177,pune
1441,Rohit,Jindamwar,3816347994,nanded
1442,Suraj,Adsule,2750377811,pune
1443,Rohit,Jindamwar,9146198909,nanded
1444,Suraj,Adsule,8080228726,pune
1445,Rohit,Jindamwar,7014258543,nanded
1446,Suraj,Adsule,5948288360,pune
1447,Rohit,Jindamwar,4882318177,nanded
1448,Suraj,Adsule,3816347994,pune
1449,Rohit,Jindamwar,2750377811,nanded
1450,Suraj,Adsule,1684407628,pune
1451,Rohit,Jindamwar,8080228726,nanded
1452,Suraj,Adsule,7014258543,pune
1453,Rohit,Jindamwar,5948288360,nanded
1454,Suraj,Adsule,4882318177,pune
1455,Rohit,Jindamwar,3816347994,nanded
1456,Suraj,Adsule,2750377811,pune
1457,Rohit,Jindamwar,9146198909,nanded
1458,Suraj,Adsule,8080228726,pune
1459,Rohit,Jindamwar,7014258543,nanded
1460,Suraj,Adsule,5948288360,pune
1461,Rohit,Jindamwar,4882318177,nanded
1462,Suraj,Adsule,3816347994,pune
1463,Rohit,Jindamwar,2750377811,nanded
1464,Suraj,Adsule,1684407628,pune
1465,Rohit,Jindamwar,8080228726,nanded
1466,Suraj,Adsule,7014258543,pune
1467,Rohit,Jindamwar,5948288360,nanded
1468,Suraj,Adsule,4882318177,pune
1469,Rohit,Jindamwar,3816347994,nanded
1470,Suraj,Adsule,2750377811,pune
1471,Rohit,Jindamwar,9146198909,nanded
1472,Suraj,Adsule,8080228726,pune
1473,Rohit,Jindamwar,7014258543,nanded
1474,Suraj,Adsule,5948288360,pune
1475,Rohit,Jindamwar,4882318177,nanded
1476,Suraj,Adsule,3816347994,pune
1477,Rohit,Jindamwar,2750377811,nanded
1478,Suraj,Adsule,1684407628,pune
1479,Rohit,Jindamwar,8080228726,nanded
1480,Suraj,Adsule,7014258543,pune
1481,Rohit,Jindamwar,5948288360,nanded
1482,Suraj,Adsule,4882318177,pune
1483,Rohit,Jindamwar,3816347994,nanded
1484,Suraj,Adsule,2750377811,pune
1485,Rohit,Jindamwar,9146198909,nanded
1486,Suraj,Adsule,8080228726,pune
1487,Rohit,Jindamwar,7014258543,nanded
1488,Suraj,Adsule,5948288360,pune
1489,Rohit,Jindamwar,4882318177,nanded
1490,Suraj,Adsule,3816347994,pune
1491,Rohit,Jindamwar,2750377811,nanded
1492,Suraj,Adsule,1684407628,pune
1493,Rohit,Jindamwar,8080228726,nanded
1494,Suraj,Adsule,7014258543,pune
1495,Rohit,Jindamwar,5948288360,nanded
1496,Suraj,Adsule,4882318177,pune
1497,Rohit,Jindamwar,3816347994,nanded
1498,Suraj,Adsule,2750377811,pune
1499,Rohit,Jindamwar,9146198909,nanded
1500,Suraj,Adsule,8080228726,pune
1501,Rohit,Jindamwar,7014258543,nanded
1502,Suraj,Adsule,5948288360,pune
1503,Rohit,Jindamwar,4882318177,nanded
1504,Suraj,Adsule,3816347994,pune
1505,Rohit,Jindamwar,2750377811,nanded
1506,Suraj,Adsule,1684407628,pune
1507,Rohit,Jindamwar,8080228726,nanded
1508,Suraj,Adsule,7014258543,pune
1509,Rohit,Jindamwar,5948288360,nanded
1510,Suraj,Adsule,4882318177,pune
1511,Rohit,Jindamwar,3816347994,nanded
1512,Suraj,Adsule,2750377811,pune
1513,Rohit,Jindamwar,9146198909,nanded
1514,Suraj,Adsule,8080228726,pune
1515,Rohit,Jindamwar,7014258543,nanded
1516,Suraj,Adsule,5948288360,pune
1517,Rohit,Jindamwar,4882318177,nanded
1518,Suraj,Adsule,3816347994,pune
1519,Rohit,Jindamwar,2750377811,nanded
1520,Suraj,Adsule,1684407628,pune
1521,Rohit,Jindamwar,8080228726,nanded
1522,Suraj,Adsule,7014258543,pune
1523,Rohit,Jindamwar,5948288360,nanded
1524,Suraj,Adsule,4882318177,pune
1525,Rohit,Jindamwar,3816347994,nanded
1526,Suraj,Adsule,2750377811,pune
1527,Rohit,Jindamwar,9146198909,nanded
1528,Suraj,Adsule,8080228726,pune
1529,Rohit,Jindamwar,7014258543,nanded
1530,Suraj,Adsule,5948288360,pune
1531,Rohit,Jindamwar,4882318177,nanded
1532,Suraj,Adsule,3816347994,pune
1533,Rohit,Jindamwar,2750377811,nanded
1534,Suraj,Adsule,1684407628,pune
1535,Rohit,Jindamwar,8080228726,nanded
1536,Suraj,Adsule,7014258543,pune
1537,Rohit,Jindamwar,5948288360,nanded
1538,Suraj,Adsule,4882318177,pune
1539,Rohit,Jindamwar,3816347994,nanded
1540,Suraj,Adsule,2750377811,pune
1541,Rohit,Jindamwar,9146198909,nanded
1542,Suraj,Adsule,8080228726,pune
1543,Rohit,Jindamwar,7014258543,nanded
1544,Suraj,Adsule,5948288360,pune
1545,Rohit,Jindamwar,4882318177,nanded
1546,Suraj,Adsule,3816347994,pune
1547,Rohit,Jindamwar,2750377811,nanded
1548,Suraj,Adsule,1684407628,pune
1549,Rohit,Jindamwar,8080228726,nanded
1550,Suraj,Adsule,7014258543,pune
1551,Rohit,Jindamwar,5948288360,nanded
1552,Suraj,Adsule,4882318177,pune
1553,Rohit,Jindamwar,3816347994,nanded
1554,Suraj,Adsule,2750377811,pune
1555,Rohit,Jindamwar,9146198909,nanded
1556,Suraj,Adsule,8080228726,pune
1557,Rohit,Jindamwar,7014258543,nanded
1558,Suraj,Adsule,5948288360,pune
1559,Rohit,Jindamwar,4882318177,nanded
1560,Suraj,Adsule,3816347994,pune
1561,Rohit,Jindamwar,2750377811,nanded
1562,Suraj,Adsule,1684407628,pune
1563,Rohit,Jindamwar,8080228726,nanded
1564,Suraj,Adsule,7014258543,pune
1565,Rohit,Jindamwar,5948288360,nanded
1566,Suraj,Adsule,4882318177,pune
1567,Rohit,Jindamwar,3816347994,nanded
1568,Suraj,Adsule,2750377811,pune
1569,Rohit,Jindamwar,9146198909,nanded
1570,Suraj,Adsule,8080228726,pune
1571,Rohit,Jindamwar,7014258543,nanded
1572,Suraj,Adsule,5948288360,pune
1573,Rohit,Jindamwar,4882318177,nanded
1574,Suraj,Adsule,3816347994,pune
1575,Rohit,Jindamwar,2750377811,nanded
1576,Suraj,Adsule,1684407628,pune
1577,Rohit,Jindamwar,8080228726,nanded
1578,Suraj,Adsule,7014258543,pune
1579,Rohit,Jindamwar,5948288360,nanded
1580,Suraj,Adsule,4882318177,pune
1581,Rohit,Jindamwar,3816347994,nanded
1582,Suraj,Adsule,2750377811,pune
1583,Rohit,Jindamwar,9146198909,nanded
1584,Suraj,Adsule,8080228726,pune
1585,Rohit,Jindamwar,7014258543,nanded
1586,Suraj,Adsule,5948288360,pune
1587,Rohit,Jindamwar,4882318177,nanded
1588,Suraj,Adsule,3816347994,pune
1589,Rohit,Jindamwar,2750377811,nanded
1590,Suraj,Adsule,1684407628,pune
1591,Rohit,Jindamwar,8080228726,nanded
1592,Suraj,Adsule,7014258543,pune
1593,Rohit,Jindamwar,5948288360,nanded
1594,Suraj,Adsule,4882318177,pune
1595,Rohit,Jindamwar,3816347994,nanded
1596,Suraj,Adsule,2750377811,pune
1597,Rohit,Jindamwar,9146198909,nanded
1598,Suraj,Adsule,8080228726,pune
1599,Rohit,Jindamwar,7014258543,nanded
1600,Suraj,Adsule,5948288360,pune
1601,Rohit,Jindamwar,4882318177,nanded
1602,Suraj,Adsule,3816347994,pune
1603,Rohit,Jindamwar,2750377811,nanded
1604,Suraj,Adsule,1684407628,pune
1605,Rohit,Jindamwar,8080228726,nanded
1606,Suraj,Adsule,7014258543,pune
1607,Rohit,Jindamwar,5948288360,nanded
1608,Suraj,Adsule,4882318177,pune
1609,Rohit,Jindamwar,3816347994,nanded
1610,Suraj,Adsule,2750377811,pune
1611,Rohit,Jindamwar,9146198909,nanded
1612,Suraj,Adsule,8080228726,pune
1613,Rohit,Jindamwar,7014258543,nanded
1614,Suraj,Adsule,5948288360,pune
1615,Rohit,Jindamwar,4882318177,nanded
1616,Suraj,Adsule,3816347994,pune
1617,Rohit,Jindamwar,2750377811,nanded
1618,Suraj,Adsule,1684407628,pune
1619,Rohit,Jindamwar,8080228726,nanded
1620,Suraj,Adsule,7014258543,pune
1621,Rohit,Jindamwar,5948288360,nanded
1622,Suraj,Adsule,4882318177,pune
1623,Rohit,Jindamwar,3816347994,nanded
1624,Suraj,Adsule,2750377811,pune
1625,Rohit,Jindamwar,9146198909,nanded
1626,Suraj,Adsule,8080228726,pune
1627,Rohit,Jindamwar,7014258543,nanded
1628,Suraj,Adsule,5948288360,pune
1629,Rohit,Jindamwar,4882318177,nanded
1630,Suraj,Adsule,3816347994,pune
1631,Rohit,Jindamwar,2750377811,nanded
1632,Suraj,Adsule,1684407628,pune
1633,Rohit,Jindamwar,8080228726,nanded
1634,Suraj,Adsule,7014258543,pune
1635,Rohit,Jindamwar,5948288360,nanded
1636,Suraj,Adsule,4882318177,pune
1637,Rohit,Jindamwar,3816347994,nanded
1638,Suraj,Adsule,2750377811,pune
1639,Rohit,Jindamwar,9146198909,nanded
1640,Suraj,Adsule,8080228726,pune
1641,Rohit,Jindamwar,7014258543,nanded
1642,Suraj,Adsule,5948288360,pune
1643,Rohit,Jindamwar,4882318177,nanded
1644,Suraj,Adsule,3816347994,pune
1645,Rohit,Jindamwar,2750377811,nanded
1646,Suraj,Adsule,1684407628,pune
1647,Rohit,Jindamwar,8080228726,nanded
1648,Suraj,Adsule,7014258543,pune
1649,Rohit,Jindamwar,5948288360,nanded
1650,Suraj,Adsule,4882318177,pune
1651,Rohit,Jindamwar,3816347994,nanded
1652,Suraj,Adsule,2750377811,pune
1653,Rohit,Jindamwar,9146198909,nanded
1654,Suraj,Adsule,8080228726,pune
1655,Rohit,Jindamwar,7014258543,nanded
1656,Suraj,Adsule,5948288360,pune
1657,Rohit,Jindamwar,4882318177,nanded
1658,Suraj,Adsule,3816347994,pune
1659,Rohit,Jindamwar,2750377811,nanded
1660,Suraj,Adsule,1684407628,pune
1661,Rohit,Jindamwar,8080228726,nanded
1662,Suraj,Adsule,7014258543,pune
1663,Rohit,Jindamwar,5948288360,nanded
1664,Suraj,Adsule,4882318177,pune
1665,Rohit,Jindamwar,3816347994,nanded
1666,Suraj,Adsule,2750377811,pune
1667,Rohit,Jindamwar,9146198909,nanded
1668,Suraj,Adsule,8080228726,pune
1669,Rohit,Jindamwar,7014258543,nanded
1670,Suraj,Adsule,5948288360,pune
1671,Rohit,Jindamwar,4882318177,nanded
1672,Suraj,Adsule,3816347994,pune
1673,Rohit,Jindamwar,2750377811,nanded
1674,Suraj,Adsule,1684407628,pune
1675,Rohit,Jindamwar,8080228726,nanded
1676,Suraj,Adsule,7014258543,pune
1677,Rohit,Jindamwar,5948288360,nanded
1678,Suraj,Adsule,4882318177,pune
1679,Rohit,Jindamwar,3816347994,nanded
1680,Suraj,Adsule,2750377811,pune
1681,Rohit,Jindamwar,9146198909,nanded
1682,Suraj,Adsule,8080228726,pune
1683,Rohit,Jindamwar,7014258543,nanded
1684,Suraj,Adsule,5948288360,pune
1685,Rohit,Jindamwar,4882318177,nanded
1686,Suraj,Adsule,3816347994,pune
1687,Rohit,Jindamwar,2750377811,nanded
1688,Suraj,Adsule,1684407628,pune
1689,Rohit,Jindamwar,8080228726,nanded
1690,Suraj,Adsule,7014258543,pune
1691,Rohit,Jindamwar,5948288360,nanded
1692,Suraj,Adsule,4882318177,pune
1693,Rohit,Jindamwar,3816347994,nanded
1694,Suraj,Adsule,2750377811,pune
1695,Rohit,Jindamwar,9146198909,nanded
1696,Suraj,Adsule,8080228726,pune
1697,Rohit,Jindamwar,7014258543,nanded
1698,Suraj,Adsule,5948288360,pune
1699,Rohit,Jindamwar,4882318177,nanded
1700,Suraj,Adsule,3816347994,pune
1701,Rohit,Jindamwar,2750377811,nanded
1702,Suraj,Adsule,1684407628,pune
1703,Rohit,Jindamwar,8080228726,nanded
1704,Suraj,Adsule,7014258543,pune
1705,Rohit,Jindamwar,5948288360,nanded
1706,Suraj,Adsule,4882318177,pune
1707,Rohit,Jindamwar,3816347994,nanded
1708,Suraj,Adsule,2750377811,pune
1709,Rohit,Jindamwar,9146198909,nanded
1710,Suraj,Adsule,8080228726,pune
1711,Rohit,Jindamwar,7014258543,nanded
1712,Suraj,Adsule,5948288360,pune
1713,Rohit,Jindamwar,4882318177,nanded
1714,Suraj,Adsule,3816347994,pune
1715,Rohit,Jindamwar,2750377811,nanded
1716,Suraj,Adsule,1684407628,pune
1717,Rohit,Jindamwar,8080228726,nanded
1718,Suraj,Adsule,7014258543,pune
1719,Rohit,Jindamwar,5948288360,nanded
1720,Suraj,Adsule,4882318177,pune
1721,Rohit,Jindamwar,3816347994,nanded
1722,Suraj,Adsule,2750377811,pune
1723,Rohit,Jindamwar,9146198909,nanded
1724,Suraj,Adsule,8080228726,pune
1725,Rohit,Jindamwar,7014258543,nanded
1726,Suraj,Adsule,5948288360,pune
1727,Rohit,Jindamwar,4882318177,nanded
1728,Suraj,Adsule,3816347994,pune
1729,Rohit,Jindamwar,2750377811,nanded
1730,Suraj,Adsule,1684407628,pune
1731,Rohit,Jindamwar,8080228726,nanded
1732,Suraj,Adsule,7014258543,pune
1733,Rohit,Jindamwar,5948288360,nanded
1734,Suraj,Adsule,4882318177,pune
1735,Rohit,Jindamwar,3816347994,nanded
1736,Suraj,Adsule,2750377811,pune
1737,Rohit,Jindamwar,9146198909,nanded
1738,Suraj,Adsule,8080228726,pune
1739,Rohit,Jindamwar,7014258543,nanded
1740,Suraj,Adsule,5948288360,pune
1741,Rohit,Jindamwar,4882318177,nanded
1742,Suraj,Adsule,3816347994,pune
1743,Rohit,Jindamwar,2750377811,nanded
1744,Suraj,Adsule,1684407628,pune
1745,Rohit,Jindamwar,8080228726,nanded
1746,Suraj,Adsule,7014258543,pune
1747,Rohit,Jindamwar,5948288360,nanded
1748,Suraj,Adsule,4882318177,pune
1749,Rohit,Jindamwar,3816347994,nanded
1750,Suraj,Adsule,2750377811,pune
1751,Rohit,Jindamwar,9146198909,nanded
1752,Suraj,Adsule,8080228726,pune
1753,Rohit,Jindamwar,7014258543,nanded
1754,Suraj,Adsule,5948288360,pune
1755,Rohit,Jindamwar,4882318177,nanded
1756,Suraj,Adsule,3816347994,pune
1757,Rohit,Jindamwar,2750377811,nanded
1758,Suraj,Adsule,1684407628,pune
1759,Rohit,Jindamwar,8080228726,nanded
1760,Suraj,Adsule,7014258543,pune
1761,Rohit,Jindamwar,5948288360,nanded
1762,Suraj,Adsule,4882318177,pune
1763,Rohit,Jindamwar,3816347994,nanded
1764,Suraj,Adsule,2750377811,pune
1765,Rohit,Jindamwar,9146198909,nanded
1766,Suraj,Adsule,8080228726,pune
1767,Rohit,Jindamwar,7014258543,nanded
1768,Suraj,Adsule,5948288360,pune
1769,Rohit,Jindamwar,4882318177,nanded
1770,Suraj,Adsule,3816347994,pune
1771,Rohit,Jindamwar,2750377811,nanded
1772,Suraj,Adsule,1684407628,pune
1773,Rohit,Jindamwar,8080228726,nanded
1774,Suraj,Adsule,7014258543,pune
1775,Rohit,Jindamwar,5948288360,nanded
1776,Suraj,Adsule,4882318177,pune
1777,Rohit,Jindamwar,3816347994,nanded
1778,Suraj,Adsule,2750377811,pune
1779,Rohit,Jindamwar,9146198909,nanded
1780,Suraj,Adsule,8080228726,pune
1781,Rohit,Jindamwar,7014258543,nanded
1782,Suraj,Adsule,5948288360,pune
1783,Rohit,Jindamwar,4882318177,nanded
1784,Suraj,Adsule,3816347994,pune
1785,Rohit,Jindamwar,2750377811,nanded
1786,Suraj,Adsule,1684407628,pune
1787,Rohit,Jindamwar,8080228726,nanded
1788,Suraj,Adsule,7014258543,pune
1789,Rohit,Jindamwar,5948288360,nanded
1790,Suraj,Adsule,4882318177,pune
1791,Rohit,Jindamwar,3816347994,nanded
1792,Suraj,Adsule,2750377811,pune
1793,Rohit,Jindamwar,9146198909,nanded
1794,Suraj,Adsule,8080228726,pune
1795,Rohit,Jindamwar,7014258543,nanded
1796,Suraj,Adsule,5948288360,pune
1797,Rohit,Jindamwar,4882318177,nanded
1798,Suraj,Adsule,3816347994,pune
1799,Rohit,Jindamwar,2750377811,nanded
1800,Suraj,Adsule,1684407628,pune
1801,Rohit,Jindamwar,8080228726,nanded
1802,Suraj,Adsule,7014258543,pune
1803,Rohit,Jindamwar,5948288360,nanded
1804,Suraj,Adsule,4882318177,pune
1805,Rohit,Jindamwar,3816347994,nanded
1806,Suraj,Adsule,2750377811,pune
1807,Rohit,Jindamwar,9146198909,nanded
1808,Suraj,Adsule,8080228726,pune
1809,Rohit,Jindamwar,7014258543,nanded
1810,Suraj,Adsule,5948288360,pune
1811,Rohit,Jindamwar,4882318177,nanded
1812,Suraj,Adsule,3816347994,pune
1813,Rohit,Jindamwar,2750377811,nanded
1814,Suraj,Adsule,1684407628,pune
1815,Rohit,Jindamwar,8080228726,nanded
1816,Suraj,Adsule,7014258543,pune
1817,Rohit,Jindamwar,5948288360,nanded
1818,Suraj,Adsule,4882318177,pune
1819,Rohit,Jindamwar,3816347994,nanded
1820,Suraj,Adsule,2750377811,pune
1821,Rohit,Jindamwar,9146198909,nanded
1822,Suraj,Adsule,8080228726,pune
1823,Rohit,Jindamwar,7014258543,nanded
1824,Suraj,Adsule,5948288360,pune
1825,Rohit,Jindamwar,4882318177,nanded
1826,Suraj,Adsule,3816347994,pune
1827,Rohit,Jindamwar,2750377811,nanded
1828,Suraj,Adsule,1684407628,pune
1829,Rohit,Jindamwar,8080228726,nanded
1830,Suraj,Adsule,7014258543,pune
1831,Rohit,Jindamwar,5948288360,nanded
1832,Suraj,Adsule,4882318177,pune
1833,Rohit,Jindamwar,3816347994,nanded
1834,Suraj,Adsule,2750377811,pune
1835,Rohit,Jindamwar,9146198909,nanded
1836,Suraj,Adsule,8080228726,pune
1837,Rohit,Jindamwar,7014258543,nanded
1838,Suraj,Adsule,5948288360,pune
1839,Rohit,Jindamwar,4882318177,nanded
1840,Suraj,Adsule,3816347994,pune
1841,Rohit,Jindamwar,2750377811,nanded
1842,Suraj,Adsule,1684407628,pune
1843,Rohit,Jindamwar,8080228726,nanded
1844,Suraj,Adsule,7014258543,pune
1845,Rohit,Jindamwar,5948288360,nanded
1846,Suraj,Adsule,4882318177,pune
1847,Rohit,Jindamwar,3816347994,nanded
1848,Suraj,Adsule,2750377811,pune
1849,Rohit,Jindamwar,9146198909,nanded
1850,Suraj,Adsule,8080228726,pune
1851,Rohit,Jindamwar,7014258543,nanded
1852,Suraj,Adsule,5948288360,pune
1853,Rohit,Jindamwar,4882318177,nanded
1854,Suraj,Adsule,3816347994,pune
1855,Rohit,Jindamwar,2750377811,nanded
1856,Suraj,Adsule,1684407628,pune
1857,Rohit,Jindamwar,8080228726,nanded
1858,Suraj,Adsule,7014258543,pune
1859,Rohit,Jindamwar,5948288360,nanded
1860,Suraj,Adsule,4882318177,pune
1861,Rohit,Jindamwar,3816347994,nanded
1862,Suraj,Adsule,2750377811,pune
1863,Rohit,Jindamwar,9146198909,nanded
1864,Suraj,Adsule,8080228726,pune
1865,Rohit,Jindamwar,7014258543,nanded
1866,Suraj,Adsule,5948288360,pune
1867,Rohit,Jindamwar,4882318177,nanded
1868,Suraj,Adsule,3816347994,pune
1869,Rohit,Jindamwar,2750377811,nanded
1870,Suraj,Adsule,1684407628,pune
1871,Rohit,Jindamwar,8080228726,nanded
1872,Suraj,Adsule,7014258543,pune
1873,Rohit,Jindamwar,5948288360,nanded
1874,Suraj,Adsule,4882318177,pune
1875,Rohit,Jindamwar,3816347994,nanded
1876,Suraj,Adsule,2750377811,pune
1877,Rohit,Jindamwar,9146198909,nanded
1878,Suraj,Adsule,8080228726,pune
1879,Rohit,Jindamwar,7014258543,nanded
1880,Suraj,Adsule,5948288360,pune
1881,Rohit,Jindamwar,4882318177,nanded
1882,Suraj,Adsule,3816347994,pune
1883,Rohit,Jindamwar,2750377811,nanded
1884,Suraj,Adsule,1684407628,pune
1885,Rohit,Jindamwar,8080228726,nanded
1886,Suraj,Adsule,7014258543,pune
1887,Rohit,Jindamwar,5948288360,nanded
1888,Suraj,Adsule,4882318177,pune
1889,Rohit,Jindamwar,3816347994,nanded
1890,Suraj,Adsule,2750377811,pune
1891,Rohit,Jindamwar,9146198909,nanded
1892,Suraj,Adsule,8080228726,pune
1893,Rohit,Jindamwar,7014258543,nanded
1894,Suraj,Adsule,5948288360,pune
1895,Rohit,Jindamwar,4882318177,nanded
1896,Suraj,Adsule,3816347994,pune
1897,Rohit,Jindamwar,2750377811,nanded
1898,Suraj,Adsule,1684407628,pune
1899,Rohit,Jindamwar,8080228726,nanded
1900,Suraj,Adsule,7014258543,pune
1901,Rohit,Jindamwar,5948288360,nanded
1902,Suraj,Adsule,4882318177,pune
1903,Rohit,Jindamwar,3816347994,nanded
1904,Suraj,Adsule,2750377811,pune
1905,Rohit,Jindamwar,9146198909,nanded
1906,Suraj,Adsule,8080228726,pune
1907,Rohit,Jindamwar,7014258543,nanded
1908,Suraj,Adsule,5948288360,pune
1909,Rohit,Jindamwar,4882318177,nanded
1910,Suraj,Adsule,3816347994,pune
1911,Rohit,Jindamwar,2750377811,nanded
1912,Suraj,Adsule,1684407628,pune
1913,Rohit,Jindamwar,8080228726,nanded
1914,Suraj,Adsule,7014258543,pune
1915,Rohit,Jindamwar,5948288360,nanded
1916,Suraj,Adsule,4882318177,pune
1917,Rohit,Jindamwar,3816347994,nanded
1918,Suraj,Adsule,2750377811,pune
1919,Rohit,Jindamwar,9146198909,nanded
1920,Suraj,Adsule,8080228726,pune
1921,Rohit,Jindamwar,7014258543,nanded
1922,Suraj,Adsule,5948288360,pune
1923,Rohit,Jindamwar,4882318177,nanded
1924,Suraj,Adsule,3816347994,pune
1925,Rohit,Jindamwar,2750377811,nanded
1926,Suraj,Adsule,1684407628,pune
1927,Rohit,Jindamwar,8080228726,nanded
1928,Suraj,Adsule,7014258543,pune
1929,Rohit,Jindamwar,5948288360,nanded
1930,Suraj,Adsule,4882318177,pune
1931,Rohit,Jindamwar,3816347994,nanded
1932,Suraj,Adsule,2750377811,pune
1933,Rohit,Jindamwar,9146198909,nanded
1934,Suraj,Adsule,8080228726,pune
1935,Rohit,Jindamwar,7014258543,nanded
1936,Suraj,Adsule,5948288360,pune
1937,Rohit,Jindamwar,4882318177,nanded
1938,Suraj,Adsule,3816347994,pune
1939,Rohit,Jindamwar,2750377811,nanded
1940,Suraj,Adsule,1684407628,pune
1941,Rohit,Jindamwar,8080228726,nanded
1942,Suraj,Adsule,7014258543,pune
1943,Rohit,Jindamwar,5948288360,nanded
1944,Suraj,Adsule,4882318177,pune
1945,Rohit,Jindamwar,3816347994,nanded
1946,Suraj,Adsule,2750377811,pune
1947,Rohit,Jindamwar,9146198909,nanded
1948,Suraj,Adsule,8080228726,pune
1949,Rohit,Jindamwar,7014258543,nanded
1950,Suraj,Adsule,5948288360,pune
1951,Rohit,Jindamwar,4882318177,nanded
1952,Suraj,Adsule,3816347994,pune
1953,Rohit,Jindamwar,2750377811,nanded
1954,Suraj,Adsule,1684407628,pune
1955,Rohit,Jindamwar,8080228726,nanded
1956,Suraj,Adsule,7014258543,pune
1957,Rohit,Jindamwar,5948288360,nanded
1958,Suraj,Adsule,4882318177,pune
1959,Rohit,Jindamwar,3816347994,nanded
1960,Suraj,Adsule,2750377811,pune
1961,Rohit,Jindamwar,9146198909,nanded
1962,Suraj,Adsule,8080228726,pune
1963,Rohit,Jindamwar,7014258543,nanded
1964,Suraj,Adsule,5948288360,pune
1965,Rohit,Jindamwar,4882318177,nanded
1966,Suraj,Adsule,3816347994,pune
1967,Rohit,Jindamwar,2750377811,nanded
1968,Suraj,Adsule,1684407628,pune
1969,Rohit,Jindamwar,8080228726,nanded
1970,Suraj,Adsule,7014258543,pune
1971,Rohit,Jindamwar,5948288360,nanded
1972,Suraj,Adsule,4882318177,pune
1973,Rohit,Jindamwar,3816347994,nanded
1974,Suraj,Adsule,2750377811,pune
1975,Rohit,Jindamwar,9146198909,nanded
1976,Suraj,Adsule,8080228726,pune
1977,Rohit,Jindamwar,7014258543,nanded
1978,Suraj,Adsule,5948288360,pune
1979,Rohit,Jindamwar,4882318177,nanded
1980,Suraj,Adsule,3816347994,pune
1981,Rohit,Jindamwar,2750377811,nanded
1982,Suraj,Adsule,1684407628,pune
1983,Rohit,Jindamwar,8080228726,nanded
1984,Suraj,Adsule,7014258543,pune
1985,Rohit,Jindamwar,5948288360,nanded
1986,Suraj,Adsule,4882318177,pune
1987,Rohit,Jindamwar,3816347994,nanded
1988,Suraj,Adsule,2750377811,pune
1989,Rohit,Jindamwar,9146198909,nanded
1990,Suraj,Adsule,8080228726,pune
1991,Rohit,Jindamwar,7014258543,nanded
1992,Suraj,Adsule,5948288360,pune
1993,Rohit,Jindamwar,4882318177,nanded
1994,Suraj,Adsule,3816347994,pune
1995,Rohit,Jindamwar,2750377811,nanded
1996,Suraj,Adsule,1684407628,pune
1997,Rohit,Jindamwar,8080228726,nanded
1998,Suraj,Adsule,7014258543,pune
1999,Rohit,Jindamwar,5948288360,nanded
2000,Suraj,Adsule,4882318177,pune
2001,Rohit,Jindamwar,3816347994,nanded
2002,Suraj,Adsule,2750377811,pune
2003,Rohit,Jindamwar,9146198909,nanded
2004,Suraj,Adsule,8080228726,pune
2005,Rohit,Jindamwar,7014258543,nanded
2006,Suraj,Adsule,5948288360,pune
2007,Rohit,Jindamwar,4882318177,nanded
2008,Suraj,Adsule,3816347994,pune
2009,Rohit,Jindamwar,2750377811,nanded
2010,Suraj,Adsule,1684407628,pune
2011,Rohit,Jindamwar,8080228726,nanded
2012,Suraj,Adsule,7014258543,pune
2013,Rohit,Jindamwar,5948288360,nanded
2014,Suraj,Adsule,4882318177,pune
2015,Rohit,Jindamwar,3816347994,nanded
2016,Suraj,Adsule,2750377811,pune
2017,Rohit,Jindamwar,9146198909,nanded
2018,Suraj,Adsule,8080228726,pune
2019,Rohit,Jindamwar,7014258543,nanded
2020,Suraj,Adsule,5948288360,pune
2021,Rohit,Jindamwar,4882318177,nanded
2022,Suraj,Adsule,3816347994,pune
2023,Rohit,Jindamwar,2750377811,nanded
2024,Suraj,Adsule,1684407628,pune
2025,Rohit,Jindamwar,8080228726,nanded
2026,Suraj,Adsule,7014258543,pune
2027,Rohit,Jindamwar,5948288360,nanded
2028,Suraj,Adsule,4882318177,pune
2029,Rohit,Jindamwar,3816347994,nanded
2030,Suraj,Adsule,2750377811,pune
2031,Rohit,Jindamwar,9146198909,nanded
2032,Suraj,Adsule,8080228726,pune
2033,Rohit,Jindamwar,7014258543,nanded
2034,Suraj,Adsule,5948288360,pune
2035,Rohit,Jindamwar,4882318177,nanded
2036,Suraj,Adsule,3816347994,pune
2037,Rohit,Jindamwar,2750377811,nanded
2038,Suraj,Adsule,1684407628,pune
2039,Rohit,Jindamwar,8080228726,nanded
2040,Suraj,Adsule,7014258543,pune
2041,Rohit,Jindamwar,5948288360,nanded
2042,Suraj,Adsule,4882318177,pune
2043,Rohit,Jindamwar,3816347994,nanded
2044,Suraj,Adsule,2750377811,pune
2045,Rohit,Jindamwar,9146198909,nanded
2046,Suraj,Adsule,8080228726,pune
2047,Rohit,Jindamwar,7014258543,nanded
2048,Suraj,Adsule,5948288360,pune
2049,Rohit,Jindamwar,4882318177,nanded
2050,Suraj,Adsule,3816347994,pune
2051,Rohit,Jindamwar,2750377811,nanded
2052,Suraj,Adsule,1684407628,pune
2053,Rohit,Jindamwar,8080228726,nanded
2054,Suraj,Adsule,7014258543,pune
2055,Rohit,Jindamwar,5948288360,nanded
2056,Suraj,Adsule,4882318177,pune
2057,Rohit,Jindamwar,3816347994,nanded
2058,Suraj,Adsule,2750377811,pune
2059,Rohit,Jindamwar,9146198909,nanded
2060,Suraj,Adsule,8080228726,pune
2061,Rohit,Jindamwar,7014258543,nanded
2062,Suraj,Adsule,5948288360,pune
2063,Rohit,Jindamwar,4882318177,nanded
2064,Suraj,Adsule,3816347994,pune
2065,Rohit,Jindamwar,2750377811,nanded
2066,Suraj,Adsule,1684407628,pune
2067,Rohit,Jindamwar,8080228726,nanded
2068,Suraj,Adsule,7014258543,pune
2069,Rohit,Jindamwar,5948288360,nanded
2070,Suraj,Adsule,4882318177,pune
2071,Rohit,Jindamwar,3816347994,nanded
2072,Suraj,Adsule,2750377811,pune
2073,Rohit,Jindamwar,9146198909,nanded
2074,Suraj,Adsule,8080228726,pune
2075,Rohit,Jindamwar,7014258543,nanded
2076,Suraj,Adsule,5948288360,pune
2077,Rohit,Jindamwar,4882318177,nanded
2078,Suraj,Adsule,3816347994,pune
2079,Rohit,Jindamwar,2750377811,nanded
2080,Suraj,Adsule,1684407628,pune
2081,Rohit,Jindamwar,8080228726,nanded
2082,Suraj,Adsule,7014258543,pune
2083,Rohit,Jindamwar,5948288360,nanded
2084,Suraj,Adsule,4882318177,pune
2085,Rohit,Jindamwar,3816347994,nanded
2086,Suraj,Adsule,2750377811,pune
2087,Rohit,Jindamwar,9146198909,nanded
2088,Suraj,Adsule,8080228726,pune
2089,Rohit,Jindamwar,7014258543,nanded
2090,Suraj,Adsule,5948288360,pune
2091,Rohit,Jindamwar,4882318177,nanded
2092,Suraj,Adsule,3816347994,pune
2093,Rohit,Jindamwar,2750377811,nanded
2094,Suraj,Adsule,1684407628,pune
2095,Rohit,Jindamwar,8080228726,nanded
2096,Suraj,Adsule,7014258543,pune
2097,Rohit,Jindamwar,5948288360,nanded
2098,Suraj,Adsule,4882318177,pune
2099,Rohit,Jindamwar,3816347994,nanded
2100,Suraj,Adsule,2750377811,pune
2101,Rohit,Jindamwar,9146198909,nanded
2102,Suraj,Adsule,8080228726,pune
2103,Rohit,Jindamwar,7014258543,nanded
2104,Suraj,Adsule,5948288360,pune
2105,Rohit,Jindamwar,4882318177,nanded
2106,Suraj,Adsule,3816347994,pune
2107,Rohit,Jindamwar,2750377811,nanded
2108,Suraj,Adsule,1684407628,pune
2109,Rohit,Jindamwar,8080228726,nanded
2110,Suraj,Adsule,7014258543,pune
2111,Rohit,Jindamwar,5948288360,nanded
2112,Suraj,Adsule,4882318177,pune
2113,Rohit,Jindamwar,3816347994,nanded
2114,Suraj,Adsule,2750377811,pune
2115,Rohit,Jindamwar,9146198909,nanded
2116,Suraj,Adsule,8080228726,pune
2117,Rohit,Jindamwar,7014258543,nanded
2118,Suraj,Adsule,5948288360,pune
2119,Rohit,Jindamwar,4882318177,nanded
2120,Suraj,Adsule,3816347994,pune
2121,Rohit,Jindamwar,2750377811,nanded
2122,Suraj,Adsule,1684407628,pune
2123,Rohit,Jindamwar,8080228726,nanded
2124,Suraj,Adsule,7014258543,pune
2125,Rohit,Jindamwar,5948288360,nanded
2126,Suraj,Adsule,4882318177,pune
2127,Rohit,Jindamwar,3816347994,nanded
2128,Suraj,Adsule,2750377811,pune
2129,Rohit,Jindamwar,9146198909,nanded
2130,Suraj,Adsule,8080228726,pune
2131,Rohit,Jindamwar,7014258543,nanded
2132,Suraj,Adsule,5948288360,pune
2133,Rohit,Jindamwar,4882318177,nanded
2134,Suraj,Adsule,3816347994,pune
2135,Rohit,Jindamwar,2750377811,nanded
2136,Suraj,Adsule,1684407628,pune
2137,Rohit,Jindamwar,8080228726,nanded
2138,Suraj,Adsule,7014258543,pune
2139,Rohit,Jindamwar,5948288360,nanded
2140,Suraj,Adsule,4882318177,pune
2141,Rohit,Jindamwar,3816347994,nanded
2142,Suraj,Adsule,2750377811,pune
2143,Rohit,Jindamwar,9146198909,nanded
2144,Suraj,Adsule,8080228726,pune
2145,Rohit,Jindamwar,7014258543,nanded
2146,Suraj,Adsule,5948288360,pune
2147,Rohit,Jindamwar,4882318177,nanded
2148,Suraj,Adsule,3816347994,pune
2149,Rohit,Jindamwar,2750377811,nanded
2150,Suraj,Adsule,1684407628,pune
2151,Rohit,Jindamwar,8080228726,nanded
2152,Suraj,Adsule,7014258543,pune
2153,Rohit,Jindamwar,5948288360,nanded
2154,Suraj,Adsule,4882318177,pune
2155,Rohit,Jindamwar,3816347994,nanded
2156,Suraj,Adsule,2750377811,pune
2157,Rohit,Jindamwar,9146198909,nanded
2158,Suraj,Adsule,8080228726,pune
2159,Rohit,Jindamwar,7014258543,nanded
2160,Suraj,Adsule,5948288360,pune
2161,Rohit,Jindamwar,4882318177,nanded
2162,Suraj,Adsule,3816347994,pune
2163,Rohit,Jindamwar,2750377811,nanded
2164,Suraj,Adsule,1684407628,pune
2165,Rohit,Jindamwar,8080228726,nanded
2166,Suraj,Adsule,7014258543,pune
2167,Rohit,Jindamwar,5948288360,nanded
2168,Suraj,Adsule,4882318177,pune
2169,Rohit,Jindamwar,3816347994,nanded
2170,Suraj,Adsule,2750377811,pune
2171,Rohit,Jindamwar,9146198909,nanded
2172,Suraj,Adsule,8080228726,pune
2173,Rohit,Jindamwar,7014258543,nanded
2174,Suraj,Adsule,5948288360,pune
2175,Rohit,Jindamwar,4882318177,nanded
2176,Suraj,Adsule,3816347994,pune
2177,Rohit,Jindamwar,2750377811,nanded
2178,Suraj,Adsule,1684407628,pune
2179,Rohit,Jindamwar,8080228726,nanded
2180,Suraj,Adsule,7014258543,pune
2181,Rohit,Jindamwar,5948288360,nanded
2182,Suraj,Adsule,4882318177,pune
2183,Rohit,Jindamwar,3816347994,nanded
2184,Suraj,Adsule,2750377811,pune
2185,Rohit,Jindamwar,9146198909,nanded
2186,Suraj,Adsule,8080228726,pune
2187,Rohit,Jindamwar,7014258543,nanded
2188,Suraj,Adsule,5948288360,pune
2189,Rohit,Jindamwar,4882318177,nanded
2190,Suraj,Adsule,3816347994,pune
2191,Rohit,Jindamwar,2750377811,nanded
2192,Suraj,Adsule,1684407628,pune
2193,Rohit,Jindamwar,8080228726,nanded
2194,Suraj,Adsule,7014258543,pune
2195,Rohit,Jindamwar,5948288360,nanded
2196,Suraj,Adsule,4882318177,pune
2197,Rohit,Jindamwar,3816347994,nanded
2198,Suraj,Adsule,2750377811,pune
2199,Rohit,Jindamwar,9146198909,nanded
2200,Suraj,Adsule,8080228726,pune
2201,Rohit,Jindamwar,7014258543,nanded
2202,Suraj,Adsule,5948288360,pune
2203,Rohit,Jindamwar,4882318177,nanded
2204,Suraj,Adsule,3816347994,pune
2205,Rohit,Jindamwar,2750377811,nanded
2206,Suraj,Adsule,1684407628,pune
2207,Rohit,Jindamwar,8080228726,nanded
2208,Suraj,Adsule,7014258543,pune
2209,Rohit,Jindamwar,5948288360,nanded
2210,Suraj,Adsule,4882318177,pune
2211,Rohit,Jindamwar,3816347994,nanded
2212,Suraj,Adsule,2750377811,pune
2213,Rohit,Jindamwar,9146198909,nanded
2214,Suraj,Adsule,8080228726,pune
2215,Rohit,Jindamwar,7014258543,nanded
2216,Suraj,Adsule,5948288360,pune
2217,Rohit,Jindamwar,4882318177,nanded
2218,Suraj,Adsule,3816347994,pune
2219,Rohit,Jindamwar,2750377811,nanded
2220,Suraj,Adsule,1684407628,pune
2221,Rohit,Jindamwar,8080228726,nanded
2222,Suraj,Adsule,7014258543,pune
2223,Rohit,Jindamwar,5948288360,nanded
2224,Suraj,Adsule,4882318177,pune
2225,Rohit,Jindamwar,3816347994,nanded
2226,Suraj,Adsule,2750377811,pune
2227,Rohit,Jindamwar,9146198909,nanded
2228,Suraj,Adsule,8080228726,pune
2229,Rohit,Jindamwar,7014258543,nanded
2230,Suraj,Adsule,5948288360,pune
2231,Rohit,Jindamwar,4882318177,nanded
2232,Suraj,Adsule,3816347994,pune
2233,Rohit,Jindamwar,2750377811,nanded
2234,Suraj,Adsule,1684407628,pune
2235,Rohit,Jindamwar,8080228726,nanded
2236,Suraj,Adsule,7014258543,pune
2237,Rohit,Jindamwar,5948288360,nanded
2238,Suraj,Adsule,4882318177,pune
2239,Rohit,Jindamwar,3816347994,nanded
2240,Suraj,Adsule,2750377811,pune
2241,Rohit,Jindamwar,9146198909,nanded
2242,Suraj,Adsule,8080228726,pune
2243,Rohit,Jindamwar,7014258543,nanded
2244,Suraj,Adsule,5948288360,pune
2245,Rohit,Jindamwar,4882318177,nanded
2246,Suraj,Adsule,3816347994,pune
2247,Rohit,Jindamwar,2750377811,nanded
2248,Suraj,Adsule,1684407628,pune
2249,Rohit,Jindamwar,8080228726,nanded
2250,Suraj,Adsule,7014258543,pune
2251,Rohit,Jindamwar,5948288360,nanded
2252,Suraj,Adsule,4882318177,pune
2253,Rohit,Jindamwar,3816347994,nanded
2254,Suraj,Adsule,2750377811,pune
2255,Rohit,Jindamwar,9146198909,nanded
2256,Suraj,Adsule,8080228726,pune
2257,Rohit,Jindamwar,7014258543,nanded
2258,Suraj,Adsule,5948288360,pune
2259,Rohit,Jindamwar,4882318177,nanded
2260,Suraj,Adsule,3816347994,pune
2261,Rohit,Jindamwar,2750377811,nanded
2262,Suraj,Adsule,1684407628,pune
2263,Rohit,Jindamwar,8080228726,nanded
2264,Suraj,Adsule,7014258543,pune
2265,Rohit,Jindamwar,5948288360,nanded
2266,Suraj,Adsule,4882318177,pune
2267,Rohit,Jindamwar,3816347994,nanded
2268,Suraj,Adsule,2750377811,pune
2269,Rohit,Jindamwar,9146198909,nanded
2270,Suraj,Adsule,8080228726,pune
2271,Rohit,Jindamwar,7014258543,nanded
2272,Suraj,Adsule,5948288360,pune
2273,Rohit,Jindamwar,4882318177,nanded
2274,Suraj,Adsule,3816347994,pune
2275,Rohit,Jindamwar,2750377811,nanded
2276,Suraj,Adsule,1684407628,pune
2277,Rohit,Jindamwar,8080228726,nanded
2278,Suraj,Adsule,7014258543,pune
2279,Rohit,Jindamwar,5948288360,nanded
2280,Suraj,Adsule,4882318177,pune
2281,Rohit,Jindamwar,3816347994,nanded
2282,Suraj,Adsule,2750377811,pune
2283,Rohit,Jindamwar,9146198909,nanded
2284,Suraj,Adsule,8080228726,pune
2285,Rohit,Jindamwar,7014258543,nanded
2286,Suraj,Adsule,5948288360,pune
2287,Rohit,Jindamwar,4882318177,nanded
2288,Suraj,Adsule,3816347994,pune
2289,Rohit,Jindamwar,2750377811,nanded
2290,Suraj,Adsule,1684407628,pune
2291,Rohit,Jindamwar,8080228726,nanded
2292,Suraj,Adsule,7014258543,pune
2293,Rohit,Jindamwar,5948288360,nanded
2294,Suraj,Adsule,4882318177,pune
2295,Rohit,Jindamwar,3816347994,nanded
2296,Suraj,Adsule,2750377811,pune
2297,Rohit,Jindamwar,9146198909,nanded
2298,Suraj,Adsule,8080228726,pune
2299,Rohit,Jindamwar,7014258543,nanded
2300,Suraj,Adsule,5948288360,pune
2301,Rohit,Jindamwar,4882318177,nanded
2302,Suraj,Adsule,3816347994,pune
2303,Rohit,Jindamwar,2750377811,nanded
2304,Suraj,Adsule,1684407628,pune
2305,Rohit,Jindamwar,8080228726,nanded
2306,Suraj,Adsule,7014258543,pune
2307,Rohit,Jindamwar,5948288360,nanded
2308,Suraj,Adsule,4882318177,pune
2309,Rohit,Jindamwar,3816347994,nanded
2310,Suraj,Adsule,2750377811,pune
2311,Rohit,Jindamwar,9146198909,nanded
2312,Suraj,Adsule,8080228726,pune
2313,Rohit,Jindamwar,7014258543,nanded
2314,Suraj,Adsule,5948288360,pune
2315,Rohit,Jindamwar,4882318177,nanded
2316,Suraj,Adsule,3816347994,pune
2317,Rohit,Jindamwar,2750377811,nanded
2318,Suraj,Adsule,1684407628,pune
2319,Rohit,Jindamwar,8080228726,nanded
2320,Suraj,Adsule,7014258543,pune
2321,Rohit,Jindamwar,5948288360,nanded
2322,Suraj,Adsule,4882318177,pune
2323,Rohit,Jindamwar,3816347994,nanded
2324,Suraj,Adsule,2750377811,pune
2325,Rohit,Jindamwar,9146198909,nanded
2326,Suraj,Adsule,8080228726,pune
2327,Rohit,Jindamwar,7014258543,nanded
2328,Suraj,Adsule,5948288360,pune
2329,Rohit,Jindamwar,4882318177,nanded
2330,Suraj,Adsule,3816347994,pune
2331,Rohit,Jindamwar,2750377811,nanded
2332,Suraj,Adsule,1684407628,pune
2333,Rohit,Jindamwar,8080228726,nanded
2334,Suraj,Adsule,7014258543,pune
2335,Rohit,Jindamwar,5948288360,nanded
2336,Suraj,Adsule,4882318177,pune
2337,Rohit,Jindamwar,3816347994,nanded
2338,Suraj,Adsule,2750377811,pune
2339,Rohit,Jindamwar,9146198909,nanded
2340,Suraj,Adsule,8080228726,pune
2341,Rohit,Jindamwar,7014258543,nanded
2342,Suraj,Adsule,5948288360,pune
2343,Rohit,Jindamwar,4882318177,nanded
2344,Suraj,Adsule,3816347994,pune
2345,Rohit,Jindamwar,2750377811,nanded
2346,Suraj,Adsule,1684407628,pune
2347,Rohit,Jindamwar,8080228726,nanded
2348,Suraj,Adsule,7014258543,pune
2349,Rohit,Jindamwar,5948288360,nanded
2350,Suraj,Adsule,4882318177,pune
2351,Rohit,Jindamwar,3816347994,nanded
2352,Suraj,Adsule,2750377811,pune
2353,Rohit,Jindamwar,9146198909,nanded
2354,Suraj,Adsule,8080228726,pune
2355,Rohit,Jindamwar,7014258543,nanded
2356,Suraj,Adsule,5948288360,pune
2357,Rohit,Jindamwar,4882318177,nanded
2358,Suraj,Adsule,3816347994,pune
2359,Rohit,Jindamwar,2750377811,nanded
2360,Suraj,Adsule,1684407628,pune
2361,Rohit,Jindamwar,8080228726,nanded
2362,Suraj,Adsule,7014258543,pune
2363,Rohit,Jindamwar,5948288360,nanded
2364,Suraj,Adsule,4882318177,pune
2365,Rohit,Jindamwar,3816347994,nanded
2366,Suraj,Adsule,2750377811,pune
2367,Rohit,Jindamwar,9146198909,nanded
2368,Suraj,Adsule,8080228726,pune
2369,Rohit,Jindamwar,7014258543,nanded
2370,Suraj,Adsule,5948288360,pune
2371,Rohit,Jindamwar,4882318177,nanded
2372,Suraj,Adsule,3816347994,pune
2373,Rohit,Jindamwar,2750377811,nanded
2374,Suraj,Adsule,1684407628,pune
2375,Rohit,Jindamwar,8080228726,nanded
2376,Suraj,Adsule,7014258543,pune
2377,Rohit,Jindamwar,5948288360,nanded
2378,Suraj,Adsule,4882318177,pune
2379,Rohit,Jindamwar,3816347994,nanded
2380,Suraj,Adsule,2750377811,pune
2381,Rohit,Jindamwar,9146198909,nanded
2382,Suraj,Adsule,8080228726,pune
2383,Rohit,Jindamwar,7014258543,nanded
2384,Suraj,Adsule,5948288360,pune
2385,Rohit,Jindamwar,4882318177,nanded
2386,Suraj,Adsule,3816347994,pune
2387,Rohit,Jindamwar,2750377811,nanded
2388,Suraj,Adsule,1684407628,pune
2389,Rohit,Jindamwar,8080228726,nanded
2390,Suraj,Adsule,7014258543,pune
2391,Rohit,Jindamwar,5948288360,nanded
2392,Suraj,Adsule,4882318177,pune
2393,Rohit,Jindamwar,3816347994,nanded
2394,Suraj,Adsule,2750377811,pune
2395,Rohit,Jindamwar,9146198909,nanded
2396,Suraj,Adsule,8080228726,pune
2397,Rohit,Jindamwar,7014258543,nanded
2398,Suraj,Adsule,5948288360,pune
2399,Rohit,Jindamwar,4882318177,nanded
2400,Suraj,Adsule,3816347994,pune
2401,Rohit,Jindamwar,2750377811,nanded
2402,Suraj,Adsule,1684407628,pune
2403,Rohit,Jindamwar,8080228726,nanded
2404,Suraj,Adsule,7014258543,pune
2405,Rohit,Jindamwar,5948288360,nanded
2406,Suraj,Adsule,4882318177,pune
2407,Rohit,Jindamwar,3816347994,nanded
2408,Suraj,Adsule,2750377811,pune
2409,Rohit,Jindamwar,9146198909,nanded
2410,Suraj,Adsule,8080228726,pune
2411,Rohit,Jindamwar,7014258543,nanded
2412,Suraj,Adsule,5948288360,pune
2413,Rohit,Jindamwar,4882318177,nanded
2414,Suraj,Adsule,3816347994,pune
2415,Rohit,Jindamwar,2750377811,nanded
2416,Suraj,Adsule,1684407628,pune
2417,Rohit,Jindamwar,8080228726,nanded
2418,Suraj,Adsule,7014258543,pune
2419,Rohit,Jindamwar,5948288360,nanded
2420,Suraj,Adsule,4882318177,pune
2421,Rohit,Jindamwar,3816347994,nanded
2422,Suraj,Adsule,2750377811,pune
2423,Rohit,Jindamwar,9146198909,nanded
2424,Suraj,Adsule,8080228726,pune
2425,Rohit,Jindamwar,7014258543,nanded
2426,Suraj,Adsule,5948288360,pune
2427,Rohit,Jindamwar,4882318177,nanded
2428,Suraj,Adsule,3816347994,pune
2429,Rohit,Jindamwar,2750377811,nanded
2430,Suraj,Adsule,1684407628,pune
2431,Rohit,Jindamwar,8080228726,nanded
2432,Suraj,Adsule,7014258543,pune
2433,Rohit,Jindamwar,5948288360,nanded
2434,Suraj,Adsule,4882318177,pune
2435,Rohit,Jindamwar,3816347994,nanded
2436,Suraj,Adsule,2750377811,pune
2437,Rohit,Jindamwar,9146198909,nanded
2438,Suraj,Adsule,8080228726,pune
2439,Rohit,Jindamwar,7014258543,nanded
2440,Suraj,Adsule,5948288360,pune
2441,Rohit,Jindamwar,4882318177,nanded
2442,Suraj,Adsule,3816347994,pune
2443,Rohit,Jindamwar,2750377811,nanded
2444,Suraj,Adsule,1684407628,pune
2445,Rohit,Jindamwar,8080228726,nanded
2446,Suraj,Adsule,7014258543,pune
2447,Rohit,Jindamwar,5948288360,nanded
2448,Suraj,Adsule,4882318177,pune
2449,Rohit,Jindamwar,3816347994,nanded
2450,Suraj,Adsule,2750377811,pune
2451,Rohit,Jindamwar,9146198909,nanded
2452,Suraj,Adsule,8080228726,pune
2453,Rohit,Jindamwar,7014258543,nanded
2454,Suraj,Adsule,5948288360,pune
2455,Rohit,Jindamwar,4882318177,nanded
2456,Suraj,Adsule,3816347994,pune
2457,Rohit,Jindamwar,2750377811,nanded
2458,Suraj,Adsule,1684407628,pune
2459,Rohit,Jindamwar,8080228726,nanded
2460,Suraj,Adsule,7014258543,pune
2461,Rohit,Jindamwar,5948288360,nanded
2462,Suraj,Adsule,4882318177,pune
2463,Rohit,Jindamwar,3816347994,nanded
2464,Suraj,Adsule,2750377811,pune
2465,Rohit,Jindamwar,9146198909,nanded
2466,Suraj,Adsule,8080228726,pune
2467,Rohit,Jindamwar,7014258543,nanded
2468,Suraj,Adsule,5948288360,pune
2469,Rohit,Jindamwar,4882318177,nanded
2470,Suraj,Adsule,3816347994,pune
2471,Rohit,Jindamwar,2750377811,nanded
2472,Suraj,Adsule,1684407628,pune
2473,Rohit,Jindamwar,8080228726,nanded
2474,Suraj,Adsule,7014258543,pune
2475,Rohit,Jindamwar,5948288360,nanded
2476,Suraj,Adsule,4882318177,pune
2477,Rohit,Jindamwar,3816347994,nanded
2478,Suraj,Adsule,2750377811,pune
2479,Rohit,Jindamwar,9146198909,nanded
2480,Suraj,Adsule,8080228726,pune
2481,Rohit,Jindamwar,7014258543,nanded
2482,Suraj,Adsule,5948288360,pune
2483,Rohit,Jindamwar,4882318177,nanded
2484,Suraj,Adsule,3816347994,pune
2485,Rohit,Jindamwar,2750377811,nanded
2486,Suraj,Adsule,1684407628,pune
2487,Rohit,Jindamwar,8080228726,nanded
2488,Suraj,Adsule,7014258543,pune
2489,Rohit,Jindamwar,5948288360,nanded
2490,Suraj,Adsule,4882318177,pune
2491,Rohit,Jindamwar,3816347994,nanded
2492,Suraj,Adsule,2750377811,pune
2493,Rohit,Jindamwar,9146198909,nanded
2494,Suraj,Adsule,8080228726,pune
2495,Rohit,Jindamwar,7014258543,nanded
2496,Suraj,Adsule,5948288360,pune
2497,Rohit,Jindamwar,4882318177,nanded
2498,Suraj,Adsule,3816347994,pune
2499,Rohit,Jindamwar,2750377811,nanded
2500,Suraj,Adsule,1684407628,pune
2501,Rohit,Jindamwar,8080228726,nanded
2502,Suraj,Adsule,7014258543,pune
2503,Rohit,Jindamwar,5948288360,nanded
2504,Suraj,Adsule,4882318177,pune
2505,Rohit,Jindamwar,3816347994,nanded
2506,Suraj,Adsule,2750377811,pune
2507,Rohit,Jindamwar,9146198909,nanded
2508,Suraj,Adsule,8080228726,pune
2509,Rohit,Jindamwar,7014258543,nanded
2510,Suraj,Adsule,5948288360,pune
2511,Rohit,Jindamwar,4882318177,nanded
2512,Suraj,Adsule,3816347994,pune
2513,Rohit,Jindamwar,2750377811,nanded
2514,Suraj,Adsule,1684407628,pune
2515,Rohit,Jindamwar,8080228726,nanded
2516,Suraj,Adsule,7014258543,pune
2517,Rohit,Jindamwar,5948288360,nanded
2518,Suraj,Adsule,4882318177,pune
2519,Rohit,Jindamwar,3816347994,nanded
2520,Suraj,Adsule,2750377811,pune
